Chronological Order,King,Ahom Name,Title / Epithet,Dynasty House,Historical Era,Reign Start Year,Reign End Year,Reign Period,Event,Event Year,Event Numeric Year,Event Category,Capital,Image File Name,Image Version,Image Link,Detailed Event Description,Key Historical Figures
1,Chaolung Sukaphaa,Siu-Ka-Pha,Founder of Ahom Kingdom,Early Dynasty,Foundational Era (1228–1497),1228,1268,1228–1268,Sukaphaa Departs Mong Mao,1215–1228,1215,Dynastic Foundation / Migration,Mong Mao / Charaideo,01_Sukaphaa_Departs_Mong_Mao_v01.png,v01,file:///home/angsuman/extra_spac/AHOM/images/01_Sukaphaa_Departs_Mong_Mao_v01.png,"Prince Sukaphaa leaves his ancestral kingdom of Mong Mao following a succession dispute, leading 9,000 followers, noblemen, priests (Deodhais), horses, and two royal war elephants across Upper Burma towards Assam.","Chaolung Sukaphaa, Thaomung Borgohain, Thaomung Burhagohain"
2,Chaolung Sukaphaa,Siu-Ka-Pha,Founder of Ahom Kingdom,Early Dynasty,Foundational Era (1228–1497),1228,1268,1228–1268,Sukaphaa Departs Mong Mao,1215–1228,1215,Dynastic Foundation / Migration,Mong Mao / Charaideo,01_Sukaphaa_Departs_Mong_Mao_v02.png,v02,file:///home/angsuman/extra_spac/AHOM/images/01_Sukaphaa_Departs_Mong_Mao_v02.png,"Prince Sukaphaa leaves his ancestral kingdom of Mong Mao following a succession dispute, leading 9,000 followers, noblemen, priests (Deodhais), horses, and two royal war elephants across Upper Burma towards Assam.","Chaolung Sukaphaa, Thaomung Borgohain, Thaomung Burhagohain"
3,Chaolung Sukaphaa,Siu-Ka-Pha,Founder of Ahom Kingdom,Early Dynasty,Foundational Era (1228–1497),1228,1268,1228–1268,Sukaphaa Departs Mong Mao,1215–1228,1215,Dynastic Foundation / Migration,Mong Mao / Charaideo,01_Sukaphaa_Departs_Mong_Mao_v03.png,v03,file:///home/angsuman/extra_spac/AHOM/images/01_Sukaphaa_Departs_Mong_Mao_v03.png,"Prince Sukaphaa leaves his ancestral kingdom of Mong Mao following a succession dispute, leading 9,000 followers, noblemen, priests (Deodhais), horses, and two royal war elephants across Upper Burma towards Assam.","Chaolung Sukaphaa, Thaomung Borgohain, Thaomung Burhagohain"
4,Chaolung Sukaphaa,Siu-Ka-Pha,Founder of Ahom Kingdom,Early Dynasty,Foundational Era (1228–1497),1228,1268,1228–1268,Sukaphaa Departs Mong Mao,1215–1228,1215,Dynastic Foundation / Migration,Mong Mao / Charaideo,01_Sukaphaa_Departs_Mong_Mao_v04.png,v04,file:///home/angsuman/extra_spac/AHOM/images/01_Sukaphaa_Departs_Mong_Mao_v04.png,"Prince Sukaphaa leaves his ancestral kingdom of Mong Mao following a succession dispute, leading 9,000 followers, noblemen, priests (Deodhais), horses, and two royal war elephants across Upper Burma towards Assam.","Chaolung Sukaphaa, Thaomung Borgohain, Thaomung Burhagohain"
5,Chaolung Sukaphaa,Siu-Ka-Pha,Founder of Ahom Kingdom,Early Dynasty,Foundational Era (1228–1497),1228,1268,1228–1268,Crossing the Patkai Hills,1228,1228,Expedition / Conquest,Patkai / Khamjang,02_Crossing_the_Patkai_Hills_v01.png,v01,file:///home/angsuman/extra_spac/AHOM/images/02_Crossing_the_Patkai_Hills_v01.png,"Sukaphaa and his vanguard conquer the steep, dense subtropical mountain rainforests of the Patkai Range (Pangsau Pass), outmaneuvering hostile hill tribes and arriving at Khamjang on the border of Assam.","Chaolung Sukaphaa, Tai military vanguard, Khamjang Naga chiefs"
6,Chaolung Sukaphaa,Siu-Ka-Pha,Founder of Ahom Kingdom,Early Dynasty,Foundational Era (1228–1497),1228,1268,1228–1268,Crossing the Patkai Hills,1228,1228,Expedition / Conquest,Patkai / Khamjang,02_Crossing_the_Patkai_Hills_v02.png,v02,file:///home/angsuman/extra_spac/AHOM/images/02_Crossing_the_Patkai_Hills_v02.png,"Sukaphaa and his vanguard conquer the steep, dense subtropical mountain rainforests of the Patkai Range (Pangsau Pass), outmaneuvering hostile hill tribes and arriving at Khamjang on the border of Assam.","Chaolung Sukaphaa, Tai military vanguard, Khamjang Naga chiefs"
7,Chaolung Sukaphaa,Siu-Ka-Pha,Founder of Ahom Kingdom,Early Dynasty,Foundational Era (1228–1497),1228,1268,1228–1268,Crossing the Patkai Hills,1228,1228,Expedition / Conquest,Patkai / Khamjang,02_Crossing_the_Patkai_Hills_v03.png,v03,file:///home/angsuman/extra_spac/AHOM/images/02_Crossing_the_Patkai_Hills_v03.png,"Sukaphaa and his vanguard conquer the steep, dense subtropical mountain rainforests of the Patkai Range (Pangsau Pass), outmaneuvering hostile hill tribes and arriving at Khamjang on the border of Assam.","Chaolung Sukaphaa, Tai military vanguard, Khamjang Naga chiefs"
8,Chaolung Sukaphaa,Siu-Ka-Pha,Founder of Ahom Kingdom,Early Dynasty,Foundational Era (1228–1497),1228,1268,1228–1268,Crossing the Patkai Hills,1228,1228,Expedition / Conquest,Patkai / Khamjang,02_Crossing_the_Patkai_Hills_v04.png,v04,file:///home/angsuman/extra_spac/AHOM/images/02_Crossing_the_Patkai_Hills_v04.png,"Sukaphaa and his vanguard conquer the steep, dense subtropical mountain rainforests of the Patkai Range (Pangsau Pass), outmaneuvering hostile hill tribes and arriving at Khamjang on the border of Assam.","Chaolung Sukaphaa, Tai military vanguard, Khamjang Naga chiefs"
9,Chaolung Sukaphaa,Siu-Ka-Pha,Founder of Ahom Kingdom,Early Dynasty,Foundational Era (1228–1497),1228,1268,1228–1268,Negotiation and Settlement with Naga Chiefs,1228–1230,1228,Diplomacy / Frontier Pacification,Namrup / Tipam,03_Sukaphaa_Negotiates_with_Naga_Chiefs.png,v01,file:///home/angsuman/extra_spac/AHOM/images/03_Sukaphaa_Negotiates_with_Naga_Chiefs.png,"Descending into Namrup, Sukaphaa establishes firm frontier peace through tactical deterrence and diplomatic accords with eastern Naga chieftains.","Chaolung Sukaphaa, Eastern Naga chieftains"
10,Chaolung Sukaphaa,Siu-Ka-Pha,Founder of Ahom Kingdom,Early Dynasty,Foundational Era (1228–1497),1228,1268,1228–1268,First View of the Brahmaputra Valley,1228,1228,Exploration / Discovery,Tipam,04_First_View_of_the_Brahmaputra_Valley.png,v01,file:///home/angsuman/extra_spac/AHOM/images/04_First_View_of_the_Brahmaputra_Valley.png,"Sukaphaa and scouts view the immense, fertile Brahmaputra River plain ('Mung Dun Sun Kham' - Country of Golden Gardens), recognizing its potential for wet-rice cultivation.","Chaolung Sukaphaa, Tai scouts"
11,Chaolung Sukaphaa,Siu-Ka-Pha,Founder of Ahom Kingdom,Early Dynasty,Foundational Era (1228–1497),1228,1268,1228–1268,Sukaphaa Enters the Assam Valley,1228,1228,Dynastic Foundation,Tipam,05_Sukaphaa_Enters_Assam.png,v01,file:///home/angsuman/extra_spac/AHOM/images/05_Sukaphaa_Enters_Assam.png,"Formal arrival of Sukaphaa's royal entourage in the plains of Upper Assam along the Dihing river basin in 1228 CE, officially inaugurating the 600-year Ahom Dynasty.","Chaolung Sukaphaa, Tai noble families"
12,Chaolung Sukaphaa,Siu-Ka-Pha,Founder of Ahom Kingdom,Early Dynasty,Foundational Era (1228–1497),1228,1268,1228–1268,Establishment of the First Tai Settlements,1228–1235,1228,Colonization / Agriculture,Tipam / Habung,06_First_Tai_Settlement_in_Assam.png,v01,file:///home/angsuman/extra_spac/AHOM/images/06_First_Tai_Settlement_in_Assam.png,"Initial settlements established at Tipam, Habung, and Shimolguri; stilt houses (Rwan-hon) constructed and virgin floodplains cleared for agriculture.","Chaolung Sukaphaa, Tai settlers"
13,Chaolung Sukaphaa,Siu-Ka-Pha,Founder of Ahom Kingdom,Early Dynasty,Foundational Era (1228–1497),1228,1268,1228–1268,The Sacred Promontory of Charaideo,c. 1260s,1228,Heritage / Royal Sanctuary,Charaideo,13_Charaideo_at_Sunset.png,v01,file:///home/angsuman/extra_spac/AHOM/images/13_Charaideo_at_Sunset.png,"The sacred royal compound and ancestral temples at Charaideo, the spiritual center and eternal resting place of Ahom royalty.","Chaolung Sukaphaa, Ahom royalty"
14,Chaolung Sukaphaa,Siu-Ka-Pha,Founder of Ahom Kingdom,Early Dynasty,Foundational Era (1228–1497),1228,1268,1228–1268,Institution of the Supreme Offices of Burhagohain and Borgohain,c. 1230–1253,1230,Constitutional Reform,Charaideo,11_Creation_of_Burhagohain_and_Borgohain.png,v01,file:///home/angsuman/extra_spac/AHOM/images/11_Creation_of_Burhagohain_and_Borgohain.png,"Sukaphaa institutes the Great Council of Nobles: Thaomung Klinglunmang (Burhagohain) and Thaomung Kangngan (Borgohain), forming a hereditary prime-ministerial council.","Chaolung Sukaphaa, First Burhagohain, First Borgohain"
15,Chaolung Sukaphaa,Siu-Ka-Pha,Founder of Ahom Kingdom,Early Dynasty,Foundational Era (1228–1497),1228,1268,1228–1268,Matrimonial Alliances with Borahi and Moran Rulers,1235–1240,1235,Diplomacy / Social Assimilation,Tipam / Charaideo,07_Tai_and_Local_Nobility_Marriage_Alliance.png,v01,file:///home/angsuman/extra_spac/AHOM/images/07_Tai_and_Local_Nobility_Marriage_Alliance.png,"Sukaphaa adopts an assimilative policy by establishing matrimonial bonds with the indigenous Moran chief Bodousa and the Borahi king Thakumtha, marrying local princesses and integrating them into court governance.","Chaolung Sukaphaa, Moran Chief Bodousa, Borahi King Thakumtha"
16,Chaolung Sukaphaa,Siu-Ka-Pha,Founder of Ahom Kingdom,Early Dynasty,Foundational Era (1228–1497),1228,1268,1228–1268,Introduction of Advanced Wet-Rice Cultivation (Sali Kheti),c. 1240–1250,1240,Agrarian Development / Economy,Upper Assam Valley,08_Wet_Rice_Cultivation.png,v01,file:///home/angsuman/extra_spac/AHOM/images/08_Wet_Rice_Cultivation.png,"Introduction of advanced Tai hydraulic techniques, dyke bunding, canal irrigation, and deep-water transplanted Sali rice, producing an agricultural surplus.","Chaolung Sukaphaa, Tai farmers and paiks"
17,Chaolung Sukaphaa,Siu-Ka-Pha,Founder of Ahom Kingdom,Early Dynasty,Foundational Era (1228–1497),1228,1268,1228–1268,Founding and Construction of the Sacred Capital at Charaideo,1253,1253,Capital Foundation / Architecture,Charaideo,09_Building_Charaideo.png,v01,file:///home/angsuman/extra_spac/AHOM/images/09_Building_Charaideo.png,"In 1253 CE, Sukaphaa establishes the permanent royal capital at Charaideo (Che-Rai-Doi), consecrated with sacred Tai Phuralong rituals and ancestral invocations.","Chaolung Sukaphaa, Deodhai and Bailung high priests"
18,Chaolung Sukaphaa,Siu-Ka-Pha,Founder of Ahom Kingdom,Early Dynasty,Foundational Era (1228–1497),1228,1268,1228–1268,Writing of the First Ahom Buranji (Royal Chronicles),c. 1253–1268,1253,Culture / Historiography,Charaideo,12_Writing_the_First_Buranji_v01.png,v01,file:///home/angsuman/extra_spac/AHOM/images/12_Writing_the_First_Buranji_v01.png,"Sukaphaa decrees that royal scribes and priests record every event, battle, decree, and genealogy on Sanchi bark (agarwood paper), establishing Assam's Buranji tradition.","Chaolung Sukaphaa, Royal Tai scribes (Likhakar Barua), Deodhais"
19,Chaolung Sukaphaa,Siu-Ka-Pha,Founder of Ahom Kingdom,Early Dynasty,Foundational Era (1228–1497),1228,1268,1228–1268,Writing of the First Ahom Buranji (Royal Chronicles),c. 1253–1268,1253,Culture / Historiography,Charaideo,12_Writing_the_First_Buranji_v02.png,v02,file:///home/angsuman/extra_spac/AHOM/images/12_Writing_the_First_Buranji_v02.png,"Sukaphaa decrees that royal scribes and priests record every event, battle, decree, and genealogy on Sanchi bark (agarwood paper), establishing Assam's Buranji tradition.","Chaolung Sukaphaa, Royal Tai scribes (Likhakar Barua), Deodhais"
20,Chaolung Sukaphaa,Siu-Ka-Pha,Founder of Ahom Kingdom,Early Dynasty,Foundational Era (1228–1497),1228,1268,1228–1268,The Royal Court of Sukaphaa,c. 1255,1255,Governance / Statecraft,Charaideo,10_Sukaphaa_Royal_Court_v01.png,v01,file:///home/angsuman/extra_spac/AHOM/images/10_Sukaphaa_Royal_Court_v01.png,"Convening of the sovereign assembly at Charaideo; state administration organized with local leaders integrated, establishing a harmonious multi-ethnic polity.","Chaolung Sukaphaa, Burhagohain, Borgohain, tribal ministers"
21,Chaolung Sukaphaa,Siu-Ka-Pha,Founder of Ahom Kingdom,Early Dynasty,Foundational Era (1228–1497),1228,1268,1228–1268,The Royal Court of Sukaphaa,c. 1255,1255,Governance / Statecraft,Charaideo,10_Sukaphaa_Royal_Court_v02.png,v02,file:///home/angsuman/extra_spac/AHOM/images/10_Sukaphaa_Royal_Court_v02.png,"Convening of the sovereign assembly at Charaideo; state administration organized with local leaders integrated, establishing a harmonious multi-ethnic polity.","Chaolung Sukaphaa, Burhagohain, Borgohain, tribal ministers"
22,Chaolung Sukaphaa,Siu-Ka-Pha,Founder of Ahom Kingdom,Early Dynasty,Foundational Era (1228–1497),1228,1268,1228–1268,Institution of Royal Moidams (Pyramidal Earth Tumuli),1268 onwards,1268,UNESCO World Heritage / Mortuary Rites,Charaideo,14_Royal_Moidams_of_Charaideo.png,v01,file:///home/angsuman/extra_spac/AHOM/images/14_Royal_Moidams_of_Charaideo.png,"Upon Sukaphaa's demise in 1268 CE, the tradition of building subterranean vaulted brick/stone chambers covered by hemispherical earthen mounds (Moidams) begins at Charaideo.","Chaolung Sukaphaa, Royal embalmers, High priests"
23,Suteuphaa,Siu-Teu-Pha,2nd Ahom King,Early Dynasty,Foundational Era (1228–1497),1268,1281,1268–1281,Accession and Court Assembly of Suteuphaa,1268,1268,Accession / Governance,Charaideo,01_Suteuphaa_Royal_Court_v01.png,v01,file:///home/angsuman/extra_spac/AHOM/images/01_Suteuphaa_Royal_Court_v01.png,Sukaphaa's eldest son assumes the golden throne and addresses the council of ministers to set aggressive policies for western border expansion.,"King Suteuphaa, Burhagohain, Borgohain"
24,Suteuphaa,Siu-Teu-Pha,2nd Ahom King,Early Dynasty,Foundational Era (1228–1497),1268,1281,1268–1281,Accession and Court Assembly of Suteuphaa,1268,1268,Accession / Governance,Charaideo,01_Suteuphaa_Royal_Court_v02.png,v02,file:///home/angsuman/extra_spac/AHOM/images/01_Suteuphaa_Royal_Court_v02.png,Sukaphaa's eldest son assumes the golden throne and addresses the council of ministers to set aggressive policies for western border expansion.,"King Suteuphaa, Burhagohain, Borgohain"
25,Suteuphaa,Siu-Teu-Pha,2nd Ahom King,Early Dynasty,Foundational Era (1228–1497),1268,1281,1268–1281,Frontier Standoff on the Dikhou River,c. 1270,1270,Border Dispute,Dikhou River,02_Dikhou_Frontier_between_Ahoms_and_Kacharis_v01.png,v01,file:///home/angsuman/extra_spac/AHOM/images/02_Dikhou_Frontier_between_Ahoms_and_Kacharis_v01.png,Ahom expanding settlements encounter the Kachari Kingdom's eastern outpost along the Dikhou River.,"King Suteuphaa, Kachari frontier commanders"
26,Suteuphaa,Siu-Teu-Pha,2nd Ahom King,Early Dynasty,Foundational Era (1228–1497),1268,1281,1268–1281,Frontier Standoff on the Dikhou River,c. 1270,1270,Border Dispute,Dikhou River,02_Dikhou_Frontier_between_Ahoms_and_Kacharis_v02.png,v02,file:///home/angsuman/extra_spac/AHOM/images/02_Dikhou_Frontier_between_Ahoms_and_Kacharis_v02.png,Ahom expanding settlements encounter the Kachari Kingdom's eastern outpost along the Dikhou River.,"King Suteuphaa, Kachari frontier commanders"
27,Suteuphaa,Siu-Teu-Pha,2nd Ahom King,Early Dynasty,Foundational Era (1228–1497),1268,1281,1268–1281,Frontier Standoff on the Dikhou River,c. 1270,1270,Border Dispute,Dikhou River,02_Dikhou_Frontier_between_Ahoms_and_Kacharis_v03.png,v03,file:///home/angsuman/extra_spac/AHOM/images/02_Dikhou_Frontier_between_Ahoms_and_Kacharis_v03.png,Ahom expanding settlements encounter the Kachari Kingdom's eastern outpost along the Dikhou River.,"King Suteuphaa, Kachari frontier commanders"
28,Suteuphaa,Siu-Teu-Pha,2nd Ahom King,Early Dynasty,Foundational Era (1228–1497),1268,1281,1268–1281,Skirmishes on the Ahom-Kachari Frontier,c. 1272,1272,Warfare,Dikhou River,03_Ahom_Kachari_Border_Confrontation_v01.png,v01,file:///home/angsuman/extra_spac/AHOM/images/03_Ahom_Kachari_Border_Confrontation_v01.png,Military clashes between Ahom warriors and Kachari troops over control of fertile grazing and cultivation tracts along the Dikhou.,"Ahom soldiers, Kachari garrison"
29,Suteuphaa,Siu-Teu-Pha,2nd Ahom King,Early Dynasty,Foundational Era (1228–1497),1268,1281,1268–1281,Skirmishes on the Ahom-Kachari Frontier,c. 1272,1272,Warfare,Dikhou River,03_Ahom_Kachari_Border_Confrontation_v02.png,v02,file:///home/angsuman/extra_spac/AHOM/images/03_Ahom_Kachari_Border_Confrontation_v02.png,Military clashes between Ahom warriors and Kachari troops over control of fertile grazing and cultivation tracts along the Dikhou.,"Ahom soldiers, Kachari garrison"
30,Suteuphaa,Siu-Teu-Pha,2nd Ahom King,Early Dynasty,Foundational Era (1228–1497),1268,1281,1268–1281,Diplomatic Negotiations with the Kachari King,c. 1275,1275,Diplomacy,Dikhou Frontier,04_Ahom_Kachari_Peace_Negotiations.png,v01,file:///home/angsuman/extra_spac/AHOM/images/04_Ahom_Kachari_Peace_Negotiations.png,"Suteuphaa sends envoys to avoid destructive protracted war, initiating bilateral talks with the Kachari monarch.","King Suteuphaa, Kachari King, Diplomatic envoys"
31,Suteuphaa,Siu-Teu-Pha,2nd Ahom King,Early Dynasty,Foundational Era (1228–1497),1268,1281,1268–1281,Demarcation of the Dikhou River Boundary,c. 1275,1275,Treaty / Territorial Settlement,Dikhou River,05_Dikhou_River_Boundary_Agreement.png,v01,file:///home/angsuman/extra_spac/AHOM/images/05_Dikhou_River_Boundary_Agreement.png,Formal treaty demarcating the Dikhou River as the permanent mutual frontier between the Ahoms and Kacharis.,"King Suteuphaa, Kachari King"
32,Suteuphaa,Siu-Teu-Pha,2nd Ahom King,Early Dynasty,Foundational Era (1228–1497),1268,1281,1268–1281,Conspiracy of the Eastern Naga Clans,c. 1277,1277,Rebellion,Naga Hills,06_Naga_Chiefs_Prepare_to_Revolt.png,v01,file:///home/angsuman/extra_spac/AHOM/images/06_Naga_Chiefs_Prepare_to_Revolt.png,Highland Naga chieftains withhold promised tributes and plot coordinated raids on Ahom valley villages.,Naga tribal chieftains
33,Suteuphaa,Siu-Teu-Pha,2nd Ahom King,Early Dynasty,Foundational Era (1228–1497),1268,1281,1268–1281,Suteuphaa Marshals the Royal Army,c. 1278,1278,Military Campaign,Naga Foothills,07_Suteuphaa_Military_Expedition.png,v01,file:///home/angsuman/extra_spac/AHOM/images/07_Suteuphaa_Military_Expedition.png,"King Suteuphaa mobilizes an expeditionary army equipped with iron-tipped arrows, daos, and war shields into the foothills.","King Suteuphaa, Ahom commanders"
34,Suteuphaa,Siu-Teu-Pha,2nd Ahom King,Early Dynasty,Foundational Era (1228–1497),1268,1281,1268–1281,The Fierce Battle of the Naga Hills,c. 1278,1278,Warfare,Naga Hills,08_Ahom_Naga_Hill_Battle_v01.png,v01,file:///home/angsuman/extra_spac/AHOM/images/08_Ahom_Naga_Hill_Battle_v01.png,"Ahom forces fight intense uphill engagements against fortified Naga hill positions, defeating hostile warriors in dense jungle terrain.","King Suteuphaa, Naga warriors"
35,Suteuphaa,Siu-Teu-Pha,2nd Ahom King,Early Dynasty,Foundational Era (1228–1497),1268,1281,1268–1281,The Fierce Battle of the Naga Hills,c. 1278,1278,Warfare,Naga Hills,08_Ahom_Naga_Hill_Battle_v02.png,v02,file:///home/angsuman/extra_spac/AHOM/images/08_Ahom_Naga_Hill_Battle_v02.png,"Ahom forces fight intense uphill engagements against fortified Naga hill positions, defeating hostile warriors in dense jungle terrain.","King Suteuphaa, Naga warriors"
36,Suteuphaa,Siu-Teu-Pha,2nd Ahom King,Early Dynasty,Foundational Era (1228–1497),1268,1281,1268–1281,Naga Submission and Tribute Offering,c. 1279,1279,Diplomacy / Fealty,Charaideo,09_Naga_Chieftains_Submit_to_Suteuphaa.png,v01,file:///home/angsuman/extra_spac/AHOM/images/09_Naga_Chieftains_Submit_to_Suteuphaa.png,"Defeated Naga chiefs travel to the royal court at Charaideo to kneel, submit oaths of loyalty, and pay tribute in salt, iron, and cloths.","King Suteuphaa, Subdued Naga chieftains"
37,Suteuphaa,Siu-Teu-Pha,2nd Ahom King,Early Dynasty,Foundational Era (1228–1497),1268,1281,1268–1281,Consolidation of the Dikhou Frontier,c. 1280,1280,Consolidation,Dikhou Valley,10_Peace_Restored_on_the_Dikhou_Frontier.png,v01,file:///home/angsuman/extra_spac/AHOM/images/10_Peace_Restored_on_the_Dikhou_Frontier.png,"Peaceful agrarian settlements flourish across the pacified Dikhou frontier, securing Upper Assam's borders.","King Suteuphaa, Frontier settlers"
38,Subinphaa,Siu-Bin-Pha,3rd Ahom King,Early Dynasty,Foundational Era (1228–1497),1281,1293,1281–1293,Administrative Division of the Realm,c. 1282,1282,Administrative Reform,Charaideo,11_Subinphaa_Divides_the_Administration.png,v01,file:///home/angsuman/extra_spac/AHOM/images/11_Subinphaa_Divides_the_Administration.png,Subinphaa formally partitions administrative jurisdiction and subjects into two equal domains under the Burhagohain and Borgohain.,"King Subinphaa, Burhagohain, Borgohain"
39,Subinphaa,Siu-Bin-Pha,3rd Ahom King,Early Dynasty,Foundational Era (1228–1497),1281,1293,1281–1293,Dual Provincial Governance by Gohains,c. 1283,1283,Governance,Upper Assam,12_Burhagohain_and_Borgohain_Govern_Two_Districts.png,v01,file:///home/angsuman/extra_spac/AHOM/images/12_Burhagohain_and_Borgohain_Govern_Two_Districts.png,Burhagohain administers the northern/eastern territory while Borgohain administers the southern/western territory with autonomous judicial authority.,"Burhagohain, Borgohain"
40,Subinphaa,Siu-Bin-Pha,3rd Ahom King,Early Dynasty,Foundational Era (1228–1497),1281,1293,1281–1293,Large-scale Swamp Reclamation and Bunding,c. 1285,1285,Agrarian Development,Upper Assam Plain,13_Subinphaa_Reclaims_the_Swamps.png,v01,file:///home/angsuman/extra_spac/AHOM/images/13_Subinphaa_Reclaims_the_Swamps.png,"Large-scale drainage canals, dykes, and earthen bunds constructed across alluvial marshlands to open vast new paddy fields.","King Subinphaa, Tai hydraulic engineers"
41,Sukhangphaa,Siu-Khang-Pha,4th Ahom King,Early Dynasty,Foundational Era (1228–1497),1293,1332,1293–1332,Outbreak of the First Ahom-Kamata War,c. 1305,1305,Warfare,Kamata / Ahom Frontier,14_Sukhangphaa_First_Kamata_War.png,v01,file:///home/angsuman/extra_spac/AHOM/images/14_Sukhangphaa_First_Kamata_War.png,"King Sukhangphaa leads an offensive against Raja Durlabhanarayana of Kamata, seeking westward expansion into Lower Assam.","King Sukhangphaa, Kamata Raja Durlabhanarayana"
42,Sukhangphaa,Siu-Khang-Pha,4th Ahom King,Early Dynasty,Foundational Era (1228–1497),1293,1332,1293–1332,Frontier Battle with Kamata Forces,c. 1305,1305,Warfare,Kamata Frontier,90_Ahom_Kamata_Battle_Unconfirmed_Event_v01.png,v01,file:///home/angsuman/extra_spac/AHOM/images/90_Ahom_Kamata_Battle_Unconfirmed_Event_v01.png,A pitched riverine engagement between Ahom war flotillas and Kamata defensive troops along the Lower Assam river passes.,"King Sukhangphaa, Ahom war captains"
43,Sukhangphaa,Siu-Khang-Pha,4th Ahom King,Early Dynasty,Foundational Era (1228–1497),1293,1332,1293–1332,Frontier Battle with Kamata Forces,c. 1305,1305,Warfare,Kamata Frontier,90_Ahom_Kamata_Battle_Unconfirmed_Event_v02.png,v02,file:///home/angsuman/extra_spac/AHOM/images/90_Ahom_Kamata_Battle_Unconfirmed_Event_v02.png,A pitched riverine engagement between Ahom war flotillas and Kamata defensive troops along the Lower Assam river passes.,"King Sukhangphaa, Ahom war captains"
44,Sukhangphaa,Siu-Khang-Pha,4th Ahom King,Early Dynasty,Foundational Era (1228–1497),1293,1332,1293–1332,Military Stalemate in the Kamata Campaign,c. 1306–1307,1306,Warfare / Strategic Stalemate,Kamrup / Kamata,15_Ahom_Kamata_War_Stalemate_v01.png,v01,file:///home/angsuman/extra_spac/AHOM/images/15_Ahom_Kamata_War_Stalemate_v01.png,"After prolonged fighting and sieges without either side securing a decisive victory, both monarchs recognize mutual exhaustion.","King Sukhangphaa, Raja Durlabhanarayana"
45,Sukhangphaa,Siu-Khang-Pha,4th Ahom King,Early Dynasty,Foundational Era (1228–1497),1293,1332,1293–1332,Military Stalemate in the Kamata Campaign,c. 1306–1307,1306,Warfare / Strategic Stalemate,Kamrup / Kamata,15_Ahom_Kamata_War_Stalemate_v02.png,v02,file:///home/angsuman/extra_spac/AHOM/images/15_Ahom_Kamata_War_Stalemate_v02.png,"After prolonged fighting and sieges without either side securing a decisive victory, both monarchs recognize mutual exhaustion.","King Sukhangphaa, Raja Durlabhanarayana"
46,Sukhangphaa,Siu-Khang-Pha,4th Ahom King,Early Dynasty,Foundational Era (1228–1497),1293,1332,1293–1332,Ahom-Kamata Royal Matrimonial Treaty,c. 1308,1308,Diplomacy / Royal Marriage,Charaideo,16_Sukhangphaa_and_Princess_Rajani_Royal_Marriage.png,v01,file:///home/angsuman/extra_spac/AHOM/images/16_Sukhangphaa_and_Princess_Rajani_Royal_Marriage.png,"Peace concluded by the marriage of Kamata Princess Rajani (Durlabhanarayana's daughter) to Sukhangphaa, sealing durable inter-kingdom peace.","King Sukhangphaa, Princess Rajani, Raja Durlabhanarayana"
47,Sukhangphaa,Siu-Khang-Pha,4th Ahom King,Early Dynasty,Foundational Era (1228–1497),1293,1332,1293–1332,Birth of Prince Chao Pulai,c. 1310,1310,Royal Birth,Charaideo,17_Birth_of_Chao_Pulai.png,v01,file:///home/angsuman/extra_spac/AHOM/images/17_Birth_of_Chao_Pulai.png,"Princess Rajani gives birth to Prince Chao Pulai, tying the royal lineages of Kamata and Ahom together.","King Sukhangphaa, Queen Rajani, Infant Chao Pulai"
48,Sukhrangphaa,Siu-Khrang-Pha,5th Ahom King,Early Dynasty,Foundational Era (1228–1497),1332,1364,1332–1364,Chao Pulai's Revolt and Alliance with Kamata,c. 1335,1335,Palace Intrigue / Rebellion,Kamata / Frontier,18_Chao_Pulai_Meets_Kamata_Envoys.png,v01,file:///home/angsuman/extra_spac/AHOM/images/18_Chao_Pulai_Meets_Kamata_Envoys.png,Chao Pulai disputes the succession of his half-brother Sukhrangphaa and conspires with maternal Kamata envoys for military support.,"Prince Chao Pulai, King Sukhrangphaa, Kamata envoys"
49,Sukhrangphaa,Siu-Khrang-Pha,5th Ahom King,Early Dynasty,Foundational Era (1228–1497),1332,1364,1332–1364,Fraternal Reconciliation Between Sukhrangphaa and Chao Pulai,c. 1338,1338,Diplomacy / Peace,Charaideo,19_Sukhrangphaa_and_Chao_Pulai_Reconciliation.png,v01,file:///home/angsuman/extra_spac/AHOM/images/19_Sukhrangphaa_and_Chao_Pulai_Reconciliation.png,"Rather than shedding fraternal blood, Sukhrangphaa welcomes Chao Pulai back into the court and effects complete reconciliation.","King Sukhrangphaa, Prince Chao Pulai"
50,Sukhrangphaa,Siu-Khrang-Pha,5th Ahom King,Early Dynasty,Foundational Era (1228–1497),1332,1364,1332–1364,Appointment of Chao Pulai as Governor of Sadiya,c. 1339,1339,Administration / Frontier Post,Sadiya / Charaideo,20_Chao_Pulai_Appointed_Governor_of_Sadiya_v01.png,v01,file:///home/angsuman/extra_spac/AHOM/images/20_Chao_Pulai_Appointed_Governor_of_Sadiya_v01.png,King Sukhrangphaa invests Chao Pulai with governorship of the critical eastern frontier outpost of Sadiya.,"King Sukhrangphaa, Governor Chao Pulai"
51,Sukhrangphaa,Siu-Khrang-Pha,5th Ahom King,Early Dynasty,Foundational Era (1228–1497),1332,1364,1332–1364,Appointment of Chao Pulai as Governor of Sadiya,c. 1339,1339,Administration / Frontier Post,Sadiya / Charaideo,20_Chao_Pulai_Appointed_Governor_of_Sadiya_v02.png,v02,file:///home/angsuman/extra_spac/AHOM/images/20_Chao_Pulai_Appointed_Governor_of_Sadiya_v02.png,King Sukhrangphaa invests Chao Pulai with governorship of the critical eastern frontier outpost of Sadiya.,"King Sukhrangphaa, Governor Chao Pulai"
52,Sukhrangphaa,Siu-Khrang-Pha,5th Ahom King,Early Dynasty,Foundational Era (1228–1497),1332,1364,1332–1364,Appointment of Chao Pulai as Governor of Sadiya,c. 1339,1339,Administration / Frontier Post,Sadiya / Charaideo,20_Chao_Pulai_Appointed_Governor_of_Sadiya_v03.png,v03,file:///home/angsuman/extra_spac/AHOM/images/20_Chao_Pulai_Appointed_Governor_of_Sadiya_v03.png,King Sukhrangphaa invests Chao Pulai with governorship of the critical eastern frontier outpost of Sadiya.,"King Sukhrangphaa, Governor Chao Pulai"
53,Sutuphaa,Siu-Tu-Pha,6th Ahom King,Early Dynasty,Foundational Era (1228–1497),1364,1376,1364–1376,Safrai River Diplomatic Peace Summit,1376,1376,Diplomacy,Charaideo,16_Sutuphaa_Peace_Summit_on_the_Safrai_River.png,v01,file:///home/angsuman/extra_spac/AHOM/images/16_Sutuphaa_Peace_Summit_on_the_Safrai_River.png,King Sutuphaa meets the Chutia monarch on the Safrai river for joint festivities and peace negotiations to resolve frontier friction.,"King Sutuphaa, Chutia King"
54,Sutuphaa,Siu-Tu-Pha,6th Ahom King,Early Dynasty,Foundational Era (1228–1497),1364,1376,1364–1376,Betrayal and Assassination of King Sutuphaa,1376,1376,Treachery / Regicide,Safrai River,17_Betrayal_and_Assassination_on_the_Safrai_River.png,v01,file:///home/angsuman/extra_spac/AHOM/images/17_Betrayal_and_Assassination_on_the_Safrai_River.png,"During a boat excursion on the Safrai river, the Chutia king treacherously assassinates Sutuphaa aboard the barge, triggering centuries of bitter warfare.","King Sutuphaa, Chutia King"
55,Council of Ministers (Gohain Regency),Burhagohain & Borgohain,Interregnum (Regency),Interregnum (Council of Gohains),Foundational Era (1228–1497),1376,1380,1376–1380,First Ministerial Interregnum,1376–1380,1376,Governance / Interregnum,Charaideo,15_First_Interregnum.png,v01,file:///home/angsuman/extra_spac/AHOM/images/15_First_Interregnum.png,"Following Sutuphaa's treacherous assassination, the Burhagohain and Borgohain rule jointly for four years due to the absence of an acceptable adult royal prince.","Burhagohain, Borgohain"
56,Tyao Khamti,Chao Khamti,7th Ahom King,Early Dynasty,Foundational Era (1228–1497),1380,1389,1380–1389,Banishment of the Pregnant Younger Queen,c. 1388,1388,Palace Intrigue,Charaideo / Brahmaputra River,19_Tyao_Khamti_Queen_Cast_Adrift.png,v01,file:///home/angsuman/extra_spac/AHOM/images/19_Tyao_Khamti_Queen_Cast_Adrift.png,"While King Tyao Khamti is away battling Chutias, his jealous Chief Queen falsely accuses the beloved younger queen and sentences her to be cast adrift on a raft down the Brahmaputra.","King Tyao Khamti, Chief Queen, Younger Queen (Mother of Sudangphaa)"
57,Tyao Khamti,Chao Khamti,7th Ahom King,Early Dynasty,Foundational Era (1228–1497),1380,1389,1380–1389,Birth of Prince Sudang in Habung Village,1388,1388,Royal Birth in Exile,Habung,20_Birth_of_Sudang_at_Habung_v01.png,v01,file:///home/angsuman/extra_spac/AHOM/images/20_Birth_of_Sudang_at_Habung_v01.png,The banished pregnant queen washes ashore at Habung and is sheltered by a pious Brahmin family; she gives birth to prince Sudang before passing away.,"Younger Queen, Brahmin of Habung, Infant Prince Sudang"
58,Tyao Khamti,Chao Khamti,7th Ahom King,Early Dynasty,Foundational Era (1228–1497),1380,1389,1380–1389,Birth of Prince Sudang in Habung Village,1388,1388,Royal Birth in Exile,Habung,20_Birth_of_Sudang_at_Habung_v02.png,v02,file:///home/angsuman/extra_spac/AHOM/images/20_Birth_of_Sudang_at_Habung_v02.png,The banished pregnant queen washes ashore at Habung and is sheltered by a pious Brahmin family; she gives birth to prince Sudang before passing away.,"Younger Queen, Brahmin of Habung, Infant Prince Sudang"
59,Tyao Khamti,Chao Khamti,7th Ahom King,Early Dynasty,Foundational Era (1228–1497),1380,1389,1380–1389,Assassination of King Tyao Khamti,1389,1389,Regicide / Nobility Revolt,Charaideo,21_Fall_of_Tyao_Khamti.png,v01,file:///home/angsuman/extra_spac/AHOM/images/21_Fall_of_Tyao_Khamti.png,"Disgusted by Tyao Khamti's acquiescence in the murder of his innocent queen and arbitrary rule, nobles and citizens revolt and assassinate the king.","King Tyao Khamti, Ahom Nobles and Ministers"
60,Council of Ministers (Gohain Regency),Burhagohain & Borgohain,Interregnum (Regency),Interregnum (Council of Gohains),Foundational Era (1228–1497),1389,1397,1389–1397,Second Ministerial Interregnum,1389–1397,1389,Governance / Interregnum,Charaideo,18_Second_Interregnum.png,v01,file:///home/angsuman/extra_spac/AHOM/images/18_Second_Interregnum.png,Ministers Burhagohain and Borgohain hold executive power for eight years following the assassination of Tyao Khamti while searching for the exiled royal prince.,"Burhagohain, Borgohain"
61,Sudangphaa,Siu-Dang-Pha,Bamuni Konwar (Prince in Exile),Early Dynasty (Habung Branch),Foundational Era (1228–1497),1397,1407,1397–1407,Prince Sudang Raised in Brahmin Household,c. 1390–1397,1390,Early Life / Exile,Habung,22_Sudang_The_Lost_Prince_at_Habung.png,v01,file:///home/angsuman/extra_spac/AHOM/images/22_Sudang_The_Lost_Prince_at_Habung.png,"Prince Sudang grows up oblivious to his royal identity, tending cattle and studying Sanskrit scriptures alongside Brahmin children at Habung.","Prince Sudang, Brahmin foster family"
62,Sudangphaa,Siu-Dang-Pha,Bamuni Konwar,Early Dynasty (Habung Branch),Foundational Era (1228–1497),1397,1407,1397–1407,Sudangphaa Identity Confirmation,1397,1397,Succession,Habung,01_Revelation_of_Sudang_Royal_Identity.png,v01,file:///home/angsuman/extra_spac/AHOM/images/01_Revelation_of_Sudang_Royal_Identity.png,Official confirmation of royal bloodline presented to Prince Sudang at Habung by council messengers.,"Prince Sudang, Royal heralds"
63,Sudangphaa,Siu-Dang-Pha,Bamuni Konwar,Early Dynasty (Habung Branch),Foundational Era (1228–1497),1397,1407,1397–1407,Ministers Discover the Hidden Prince Sudang at Habung,1397,1397,Succession / Search for Heir,Habung,01_Search_for_the_Lost_Prince_Sudang.png,v01,file:///home/angsuman/extra_spac/AHOM/images/01_Search_for_the_Lost_Prince_Sudang.png,"After eight years of search, the Burhagohain's emissaries locate the rightful heir Prince Sudang living as an ordinary cowherd at Habung.","Prince Sudang, Royal Emissaries, Habung Brahmin"
64,Sudangphaa,Siu-Dang-Pha,Bamuni Konwar,Early Dynasty (Habung Branch),Foundational Era (1228–1497),1397,1407,1397–1407,Revelation of Royal Blood to Prince Sudang,1397,1397,Royal Investiture,Habung,02_Revelation_of_Sudang_Royal_Identity.png,v01,file:///home/angsuman/extra_spac/AHOM/images/02_Revelation_of_Sudang_Royal_Identity.png,"Ministers present the sacred Tai royal swords, royal insignia, and documents confirming Prince Sudang's royal parentage.","Prince Sudang, Brahmin foster-father, Ahom emissaries"
65,Sudangphaa,Siu-Dang-Pha,Bamuni Konwar,Early Dynasty (Habung Branch),Foundational Era (1228–1497),1397,1407,1397–1407,Triumphant Royal Return of Sudang to Charaideo,1397,1397,Royal Procession,Charaideo,03_Sudang_Returns_to_Charaideo.png,v01,file:///home/angsuman/extra_spac/AHOM/images/03_Sudang_Returns_to_Charaideo.png,Prince Sudang is escorted in state barge flotillas up the Brahmaputra to Charaideo accompanied by his Brahmin foster-family.,"Prince Sudang, Brahmin foster family, Gohains"
66,Sudangphaa,Siu-Dang-Pha,Bamuni Konwar,Early Dynasty (Habung Branch),Foundational Era (1228–1497),1397,1407,1397–1407,Coronation of Sudangphaa,1397,1397,Coronation,Charaideo,04_Coronation_of_Sudangphaa.png,v01,file:///home/angsuman/extra_spac/AHOM/images/04_Coronation_of_Sudangphaa.png,Grand accession ceremony where Prince Sudang ascends the throne taking the Tai title Chao Siu-Dang-Pha.,"King Sudangphaa, Deodhais, Gohains"
67,Sudangphaa,Siu-Dang-Pha,Bamuni Konwar,Early Dynasty (Habung Branch),Foundational Era (1228–1497),1397,1407,1397–1407,The Reign of Bamuni Konwar,1397–1407,1397,Governance / Cultural Synthesis,Charagua,05_Sudangphaa_Bamuni_Konwar.png,v01,file:///home/angsuman/extra_spac/AHOM/images/05_Sudangphaa_Bamuni_Konwar.png,"Sudangphaa rewards his Brahmin foster father and brothers with high court offices, inaugurating Hindu Brahminical influence.","King Sudangphaa, Habung Brahmin brothers"
68,Sudangphaa,Siu-Dang-Pha,Bamuni Konwar,Early Dynasty (Habung Branch),Foundational Era (1228–1497),1397,1407,1397–1407,Institution of the Singari-Gharutha Coronation,c. 1398,1398,Coronation Rites,Charaideo,07_Sudangphaa_Singari_Gharutha_Ceremony.png,v01,file:///home/angsuman/extra_spac/AHOM/images/07_Sudangphaa_Singari_Gharutha_Ceremony.png,"Sudangphaa inaugurates the sacred Singari-gharutha ceremony, ascending a raised platform of Singari timber, washing in sacred waters, and killing a bull/buffalo.","King Sudangphaa, High Priests"
69,Sudangphaa,Siu-Dang-Pha,Bamuni Konwar,Early Dynasty (Habung Branch),Foundational Era (1228–1497),1397,1407,1397–1407,Harmonious Synthesis of Tai and Hindu Vedic Rituals,c. 1400,1400,Religious Synthesis,Charagua,06_Brahmanical_and_Tai_Rituals_in_Sudangphaa_Court_v01.png,v01,file:///home/angsuman/extra_spac/AHOM/images/06_Brahmanical_and_Tai_Rituals_in_Sudangphaa_Court_v01.png,Court ceremonies conduct Vedic homa rituals alongside traditional Tai worship of Somdeo and Me-Dam-Me-Phi ancestor rites.,"King Sudangphaa, Hindu Brahmins, Tai Deodhais"
70,Sudangphaa,Siu-Dang-Pha,Bamuni Konwar,Early Dynasty (Habung Branch),Foundational Era (1228–1497),1397,1407,1397–1407,Harmonious Synthesis of Tai and Hindu Vedic Rituals,c. 1400,1400,Religious Synthesis,Charagua,06_Brahmanical_and_Tai_Rituals_in_Sudangphaa_Court_v02.png,v02,file:///home/angsuman/extra_spac/AHOM/images/06_Brahmanical_and_Tai_Rituals_in_Sudangphaa_Court_v02.png,Court ceremonies conduct Vedic homa rituals alongside traditional Tai worship of Somdeo and Me-Dam-Me-Phi ancestor rites.,"King Sudangphaa, Hindu Brahmins, Tai Deodhais"
71,Sudangphaa,Siu-Dang-Pha,Bamuni Konwar,Early Dynasty (Habung Branch),Foundational Era (1228–1497),1397,1407,1397–1407,Matrimonial Alliance with Bhuyan Chieftains,c. 1401,1401,Diplomacy / Marriage,Charagua,08_Sudangphaa_Bhuyan_Marriage_Alliance_v01.png,v01,file:///home/angsuman/extra_spac/AHOM/images/08_Sudangphaa_Bhuyan_Marriage_Alliance_v01.png,Sudangphaa secures stability across the north bank by establishing marriage ties with powerful Baro-Bhuyan chieftains.,"King Sudangphaa, Bhuyan chieftains"
72,Sudangphaa,Siu-Dang-Pha,Bamuni Konwar,Early Dynasty (Habung Branch),Foundational Era (1228–1497),1397,1407,1397–1407,Matrimonial Alliance with Bhuyan Chieftains,c. 1401,1401,Diplomacy / Marriage,Charagua,08_Sudangphaa_Bhuyan_Marriage_Alliance_v02.png,v02,file:///home/angsuman/extra_spac/AHOM/images/08_Sudangphaa_Bhuyan_Marriage_Alliance_v02.png,Sudangphaa secures stability across the north bank by establishing marriage ties with powerful Baro-Bhuyan chieftains.,"King Sudangphaa, Bhuyan chieftains"
73,Sudangphaa,Siu-Dang-Pha,Bamuni Konwar,Early Dynasty (Habung Branch),Foundational Era (1228–1497),1397,1407,1397–1407,Administrative Centralization at Charagua,c. 1403,1403,Administrative Reform,Charagua,09_Sudangphaa_Strengthening_Administration.png,v01,file:///home/angsuman/extra_spac/AHOM/images/09_Sudangphaa_Strengthening_Administration.png,Constructs the new capital city Charagua on the Dihing river to better oversee burgeoning agricultural lands and trade routes.,"King Sudangphaa, Ministers"
74,Sudangphaa,Siu-Dang-Pha,Bamuni Konwar,Early Dynasty (Habung Branch),Foundational Era (1228–1497),1397,1407,1397–1407,Cultural Renaissance and Literary Patronage,c. 1405,1405,Culture / Literature,Charagua,10_Sudangphaa_Cultural_Renaissance.png,v01,file:///home/angsuman/extra_spac/AHOM/images/10_Sudangphaa_Cultural_Renaissance.png,"Sudangphaa patronizes both Tai chroniclers and Sanskrit scholars, fostering bilingualism and literary learning in court.","King Sudangphaa, Court scholars"
75,Sujanphaa,Siu-Jan-Pha,9th Ahom King,Early Dynasty,Foundational Era (1228–1497),1407,1422,1407–1422,Peaceful Reign of Sujanphaa,1407–1422,1407,Dynastic Governance,Charagua,11_King_Sujanphaa_Portrait.png,v01,file:///home/angsuman/extra_spac/AHOM/images/11_King_Sujanphaa_Portrait.png,Sujanphaa preserves external peace and internal order across Upper Assam for fifteen unbroken years.,King Sujanphaa
76,Suphakphaa,Siu-Phak-Pha,10th Ahom King,Early Dynasty,Foundational Era (1228–1497),1422,1439,1422–1439,Consolidation Under Suphakphaa,1422–1439,1422,Dynastic Governance,Charagua,12_King_Suphakphaa_Portrait.png,v01,file:///home/angsuman/extra_spac/AHOM/images/12_King_Suphakphaa_Portrait.png,"Son of Sujanphaa; a steady seventeen-year reign promoting trade, agricultural stability, and peace with neighboring hill tribes.",King Suphakphaa
77,Susenphaa,Siu-Sen-Pha,11th Ahom King,Early Dynasty,Foundational Era (1228–1497),1439,1488,1439–1488,The Golden Forty-Nine-Year Peace of Susenphaa,1439–1488,1439,Prosperity / Golden Age,Charagua,13_Long_Peace_of_Susenphaa.png,v01,file:///home/angsuman/extra_spac/AHOM/images/13_Long_Peace_of_Susenphaa.png,One of the longest reigns in Ahom annals; nearly five decades of uninterrupted agricultural and population growth.,King Susenphaa
78,Susenphaa,Siu-Sen-Pha,11th Ahom King,Early Dynasty,Foundational Era (1228–1497),1439,1488,1439–1488,Tangshu Naga Raids on Lowland Settlements,c. 1460,1460,Raids / Frontier Incursion,Frontier Foothills,14_Tangshu_Naga_Raids.png,v01,file:///home/angsuman/extra_spac/AHOM/images/14_Tangshu_Naga_Raids.png,"Tangshu Naga warriors raid eastern border villages, looting grain stores and capturing lowland subjects.",Tangshu Naga chiefs
79,Susenphaa,Siu-Sen-Pha,11th Ahom King,Early Dynasty,Foundational Era (1228–1497),1439,1488,1439–1488,Susenphaa's Punitive Tangshu Campaign,c. 1461,1461,Military Expedition,Patkai Foothills,15_Susenphaa_Leads_the_Tangshu_Expedition.png,v01,file:///home/angsuman/extra_spac/AHOM/images/15_Susenphaa_Leads_the_Tangshu_Expedition.png,"Susenphaa personally leads an army into the rugged Tangshu hills, encircling rebel villages and cutting off mountain passes.","King Susenphaa, Royal army"
80,Susenphaa,Siu-Sen-Pha,11th Ahom King,Early Dynasty,Foundational Era (1228–1497),1439,1488,1439–1488,Submission and Tribute of the Tangshu Chiefs,c. 1462,1462,Diplomacy / Tribute,Charagua,16_Tribute_of_the_Tangshu_Chiefs.png,v01,file:///home/angsuman/extra_spac/AHOM/images/16_Tribute_of_the_Tangshu_Chiefs.png,"Defeated Tangshu leaders present offerings of swords, amber, and mountain goods, swearing eternal peace with the Ahom throne.","King Susenphaa, Tangshu chieftains"
81,Susenphaa,Siu-Sen-Pha,11th Ahom King,Early Dynasty,Foundational Era (1228–1497),1439,1488,1439–1488,Erection of Charaideo Boundary Stones,c. 1470,1470,Territorial Demarcation,Charaideo,17_Boundary_Stones_of_Charaideo.png,v01,file:///home/angsuman/extra_spac/AHOM/images/17_Boundary_Stones_of_Charaideo.png,Inscribed stone monoliths erected around the holy hills of Charaideo to permanently safeguard the royal necropolis.,"King Susenphaa, Priests and masons"
82,Suhenphaa,Siu-Hen-Pha,12th Ahom King,Early Dynasty,Foundational Era (1228–1497),1488,1493,1488–1493,The Battle of Turung Against the Kacharis,1490,1490,Warfare,Turung Frontier,18_Suhenphaa_Battle_of_Turung.png,v01,file:///home/angsuman/extra_spac/AHOM/images/18_Suhenphaa_Battle_of_Turung.png,Ahom forces clash fiercely with Kachari armies near the Dikhou; Ahom army suffers a tactical reverse leading to temporary tribute concessions.,"King Suhenphaa, Kachari King, Borgohain Khenphung"
83,Suhenphaa,Siu-Hen-Pha,12th Ahom King,Early Dynasty,Foundational Era (1228–1497),1488,1493,1488–1493,Peace Settlement with the Kacharis,1491,1491,Diplomacy / Treaty,Charagua,19_Suhenphaa_Peace_Through_Tribute.png,v01,file:///home/angsuman/extra_spac/AHOM/images/19_Suhenphaa_Peace_Through_Tribute.png,"Suhenphaa concludes peace with the Kachari king through tribute of royal princesses and elephants, stabilizing the southern flank.","King Suhenphaa, Kachari monarch"
84,Suhenphaa,Siu-Hen-Pha,12th Ahom King,Early Dynasty,Foundational Era (1228–1497),1488,1493,1488–1493,Tangshu Ambush of Borgohain Khenphung,1492,1492,Ambush / Warfare,Tangshu Hills,20_Tangshu_Ambush_of_Borgohain_Khenphung_v01.png,v01,file:///home/angsuman/extra_spac/AHOM/images/20_Tangshu_Ambush_of_Borgohain_Khenphung_v01.png,"During a patrol in the eastern hill tracts, Borgohain Khenphung is ambushed by hostile Tangshu warriors but manages a fighting retreat.","Borgohain Khenphung, Tangshu warriors"
85,Suhenphaa,Siu-Hen-Pha,12th Ahom King,Early Dynasty,Foundational Era (1228–1497),1488,1493,1488–1493,Tangshu Ambush of Borgohain Khenphung,1492,1492,Ambush / Warfare,Tangshu Hills,20_Tangshu_Ambush_of_Borgohain_Khenphung_v02.png,v02,file:///home/angsuman/extra_spac/AHOM/images/20_Tangshu_Ambush_of_Borgohain_Khenphung_v02.png,"During a patrol in the eastern hill tracts, Borgohain Khenphung is ambushed by hostile Tangshu warriors but manages a fighting retreat.","Borgohain Khenphung, Tangshu warriors"
86,Suhenphaa,Siu-Hen-Pha,12th Ahom King,Early Dynasty,Foundational Era (1228–1497),1488,1493,1488–1493,Suhenphaa's Inspection of Palace Works,1493,1493,Palace Event,Charagua,21_Suhenphaa_Inspects_Palace_Construction.png,v01,file:///home/angsuman/extra_spac/AHOM/images/21_Suhenphaa_Inspects_Palace_Construction.png,King Suhenphaa walks unescorted among workmen to inspect new wooden palace structures at Charagua.,"King Suhenphaa, Royal artisans"
87,Suhenphaa,Siu-Hen-Pha,12th Ahom King,Early Dynasty,Foundational Era (1228–1497),1488,1493,1488–1493,Assassination of King Suhenphaa,1493,1493,Regicide / Conspiracy,Charagua,22_Palace_Conspiracy_and_Murder_of_Suhenphaa_v01.png,v01,file:///home/angsuman/extra_spac/AHOM/images/22_Palace_Conspiracy_and_Murder_of_Suhenphaa_v01.png,Turung palace laborers conceal weapons and spear King Suhenphaa to death inside the palace under cover of darkness.,"King Suhenphaa, Turung conspirators"
88,Suhenphaa,Siu-Hen-Pha,12th Ahom King,Early Dynasty,Foundational Era (1228–1497),1488,1493,1488–1493,Assassination of King Suhenphaa,1493,1493,Regicide / Conspiracy,Charagua,22_Palace_Conspiracy_and_Murder_of_Suhenphaa_v02.png,v02,file:///home/angsuman/extra_spac/AHOM/images/22_Palace_Conspiracy_and_Murder_of_Suhenphaa_v02.png,Turung palace laborers conceal weapons and spear King Suhenphaa to death inside the palace under cover of darkness.,"King Suhenphaa, Turung conspirators"
89,Supimphaa,Siu-Pim-Pha,13th Ahom King,Early Dynasty,Foundational Era (1228–1497),1493,1497,1493–1497,Royal Inquest and Execution of Suhenphaa's Assassins,1493,1493,Justice / Trial,Charagua,23_Supimphaa_Tribunal_for_His_Father_Murder.png,v01,file:///home/angsuman/extra_spac/AHOM/images/23_Supimphaa_Tribunal_for_His_Father_Murder.png,"Supimphaa convenes a tribunal, identifies the conspirators behind his father's murder, and executes them publicly.","King Supimphaa, Conspirators, Judicial ministers"
90,Supimphaa,Siu-Pim-Pha,13th Ahom King,Early Dynasty,Foundational Era (1228–1497),1493,1497,1493–1497,Supimphaa Exiles Pregnant Queen to the Nagas,c. 1494,1494,Palace Drama / Exile,Naga Hills,24_Exiled_Queen_Refuge_Among_the_Nagas.png,v01,file:///home/angsuman/extra_spac/AHOM/images/24_Exiled_Queen_Refuge_Among_the_Nagas.png,"Due to malicious palace gossip, Supimphaa banishes his pregnant queen to the village of a loyal Naga chief.","King Supimphaa, Exiled Queen, Naga Chief"
91,Supimphaa,Siu-Pim-Pha,Swargadeo,Early Dynasty,Foundational Era (1228–1497),1493,1497,1493–1497,Birth of Konseng in the Naga Foothills,c. 1495,1495,Birth in Exile,Naga Hills,25_Birth_of_Konseng.png,v01,file:///home/angsuman/extra_spac/AHOM/images/25_Birth_of_Konseng.png,"The exiled queen gives birth to prince Konseng among the Nagas, raised in mountain traditions before returning to court.","Infant Konseng, Exiled Queen, Naga foster family"
92,Suhungmung,Siu-Hung-Mung,Swarganarayan,Dihingia House,Imperial Expansion & Early Invasions (1497–1603),1497,1539,1497–1539,Konseng's Return and Presentation to King Suhungmung,c. 1505,1505,Court Drama / Royal Recognition,Bakata,02_Konseng_Enters_the_Ahom_Court.png,v01,file:///home/angsuman/extra_spac/AHOM/images/02_Konseng_Enters_the_Ahom_Court.png,"Grown into a stalwart warrior, Konseng is brought from the Naga village to Bakata; Suhungmung acknowledges him as half-brother of royal blood.","King Suhungmung, Prince Konseng"
93,Suhungmung,Siu-Hung-Mung,Swarganarayan,Dihingia House,Imperial Expansion & Early Invasions (1497–1603),1497,1539,1497–1539,Creation of the Office of Barpatragohain,c. 1506,1506,Constitutional Expansion,Bakata,03_Konseng_Appointed_First_Barpatra_Gohain.png,v01,file:///home/angsuman/extra_spac/AHOM/images/03_Konseng_Appointed_First_Barpatra_Gohain.png,Suhungmung creates a third great ministerial post—the Barpatragohain—elevating Konseng to equal rank with Burhagohain and Borgohain.,"King Suhungmung, Konseng Barpatragohain"
94,Suhungmung,Siu-Hung-Mung,Swarganarayan,Dihingia House,Imperial Expansion & Early Invasions (1497–1603),1497,1539,1497–1539,Adoption of the Title Swarganarayan and Saka Calendar,c. 1510,1510,Sovereign Titulature / Astronomy,Bakata,04_Suhungmung_Becomes_Swarganarayan.png,v01,file:///home/angsuman/extra_spac/AHOM/images/04_Suhungmung_Becomes_Swarganarayan.png,"Suhungmung officially assumes the Sanskrit title 'Swarganarayan' (Lord of Heaven), introducing the Saka calendar into state epigraphy.","King Suhungmung Swarganarayan, Court astrologers"
95,Suhungmung,Siu-Hung-Mung,Swarganarayan,Dihingia House,Imperial Expansion & Early Invasions (1497–1603),1497,1539,1497–1539,Ahom Vanguard Marches Against the Chutia Kingdom,1520,1520,Warfare,Sadiya Frontier,05_Suhungmung_Advances_to_the_Chutia_Frontier.png,v01,file:///home/angsuman/extra_spac/AHOM/images/05_Suhungmung_Advances_to_the_Chutia_Frontier.png,Suhungmung marches an immense land and naval force up the Brahmaputra to confront Chutia monarch Dhirnarayan.,"King Suhungmung, Ahom commanders, Chutia garrison"
96,Suhungmung,Siu-Hung-Mung,Swarganarayan,Dihingia House,Imperial Expansion & Early Invasions (1497–1603),1497,1539,1497–1539,Annexation of the Chutia Kingdom,1523,1523,Imperial Conquest,Sadiya,06_Fall_of_the_Chutia_Kingdom.png,v01,file:///home/angsuman/extra_spac/AHOM/images/06_Fall_of_the_Chutia_Kingdom.png,Chutia forces routed at Chandangiri; Sadiya annexed into the Ahom Empire; office of Sadiya-Khowa Gohain instituted; firearms and copper-plate treasures acquired.,"King Suhungmung, Dhirnarayan, First Sadiyakhowa Gohain"
97,Suhungmung,Siu-Hung-Mung,Swarganarayan,Dihingia House,Imperial Expansion & Early Invasions (1497–1603),1497,1539,1497–1539,Konseng Fortifies the Western Border,c. 1527,1527,Frontier Defense,Western Frontier,07_Konseng_and_the_Western_Frontier.png,v01,file:///home/angsuman/extra_spac/AHOM/images/07_Konseng_and_the_Western_Frontier.png,"Konseng Barpatragohain deploys stockades, signal towers, and cannon batteries along the western border to counter Bengal Sultanate raids.",Konseng Barpatragohain
98,Suhungmung,Siu-Hung-Mung,Swarganarayan,Dihingia House,Imperial Expansion & Early Invasions (1497–1603),1497,1539,1497–1539,Repulse of Early Bengal Sultanate Invasions,1527–1531,1527,Warfare / Defensive Victory,Temani / Brahmaputra,08_Ahom_Defence_Against_the_Bengal_Invasion_v01.png,v01,file:///home/angsuman/extra_spac/AHOM/images/08_Ahom_Defence_Against_the_Bengal_Invasion_v01.png,"Ahom armies defeat Bengal Sultanate commanders Bit Malik and Mit Manik in naval battles, capturing artillery and cavalry horses.","King Suhungmung, Konseng Barpatragohain, Bit Malik"
99,Suhungmung,Siu-Hung-Mung,Swarganarayan,Dihingia House,Imperial Expansion & Early Invasions (1497–1603),1497,1539,1497–1539,Repulse of Early Bengal Sultanate Invasions,1527–1531,1527,Warfare / Defensive Victory,Temani / Brahmaputra,08_Ahom_Defence_Against_the_Bengal_Invasion_v02.png,v02,file:///home/angsuman/extra_spac/AHOM/images/08_Ahom_Defence_Against_the_Bengal_Invasion_v02.png,"Ahom armies defeat Bengal Sultanate commanders Bit Malik and Mit Manik in naval battles, capturing artillery and cavalry horses.","King Suhungmung, Konseng Barpatragohain, Bit Malik"
100,Suhungmung,Siu-Hung-Mung,Swarganarayan,Dihingia House,Imperial Expansion & Early Invasions (1497–1603),1497,1539,1497–1539,The Great Invasion of Commander Turbak,1532,1532,Foreign Invasion,Duimunisila / Kaliabor,09_Turbak_Invasion.png,v01,file:///home/angsuman/extra_spac/AHOM/images/09_Turbak_Invasion.png,"General Turbak invades Assam with a large Gaur army armed with muskets, heavy cannons, and cavalry.","General Turbak, King Suhungmung, Konseng Barpatragohain"
101,Suhungmung,Siu-Hung-Mung,Swarganarayan,Dihingia House,Imperial Expansion & Early Invasions (1497–1603),1497,1539,1497–1539,Decisive Victory Over Turbak and Pursuit to Karatoya,1532–1533,1532,Triumphant Military Victory,Duimunisila / Karatoya River,10_Victory_Over_Turbak.png,v01,file:///home/angsuman/extra_spac/AHOM/images/10_Victory_Over_Turbak.png,Konseng Barpatragohain slays Turbak on the battlefield; Bengal forces routed; Ahoms pursue retreating invaders to the sacred Karatoya River.,"Konseng Barpatragohain, Turbak, King Suhungmung"
102,Suhungmung,Siu-Hung-Mung,Swarganarayan / Dihingia Raja,Dihingia House,Imperial Expansion & Early Invasions (1497–1603),1497,1539,1497–1539,Foreign Captives Brought Before the Ahom Golden Throne,c. 1532,1532,Triumphant Court Scene,Garhgaon,90_Captives_Before_the_Ahom_Throne_Unconfirmed_Event.png,v01,file:///home/angsuman/extra_spac/AHOM/images/90_Captives_Before_the_Ahom_Throne_Unconfirmed_Event.png,"Captured enemy generals, cavalry officers, and spoils of war presented before the Swarganarayan in solemn assembly.","Ahom King, Captured enemy commanders"
103,Suhungmung,Siu-Hung-Mung,Swarganarayan / Dihingia Raja,Dihingia House,Imperial Expansion & Early Invasions (1497–1603),1497,1539,1497–1539,Ahom Naval Flotilla River Engagement,c. 1532,1532,Naval Warfare,Brahmaputra River,91_Ahom_River_Battle_Unconfirmed_Event.png,v01,file:///home/angsuman/extra_spac/AHOM/images/91_Ahom_River_Battle_Unconfirmed_Event.png,Ahom Bachari war-boats and rowers maneuver against enemy rivercraft with bowmen and bow mounted swivel-guns.,"Ahom naval warriors, War boat helmsmen"
104,Suhungmung,Siu-Hung-Mung,Swarganarayan / Dihingia Raja,Dihingia House,Imperial Expansion & Early Invasions (1497–1603),1497,1539,1497–1539,Strategic War Council in the Royal Chamber,c. 1532,1532,War Council,Garhgaon,95_Ahom_King_and_Commander_War_Council_Unconfirmed_Event.png,v01,file:///home/angsuman/extra_spac/AHOM/images/95_Ahom_King_and_Commander_War_Council_Unconfirmed_Event.png,"The king and top commanders review maps, troop movements, river currents, and fortress fortifications on the eve of battle.","Ahom King, High Commanders"
105,Pratap Singha,Susenghphaa,Burha Raja / Pratap Singha,Garhgaya House,Mughal-Ahom Wars & Zenith of Statecraft (1603–1681),1603,1641,1603–1641,The Swarganarayan Invests the Royal Commander,c. 1532,1532,Military Commission,Garhgaon / Bakata,92_Ahom_King_Entrusts_Command_Unconfirmed_Event.png,v01,file:///home/angsuman/extra_spac/AHOM/images/92_Ahom_King_Entrusts_Command_Unconfirmed_Event.png,The monarch presents the consecrated Hengdang (royal curved sword) and battle garments to the appointed general.,"Ahom King, Appointed General"
106,Pratap Singha,Susenghphaa,Burha Raja / Pratap Singha,Garhgaya House,Mughal-Ahom Wars & Zenith of Statecraft (1603–1681),1603,1641,1603–1641,Ahom Commander Kneels in Fealty Before the King,c. 1532,1532,Court Fealty,Garhgaon,93_Warrior_Kneels_Before_the_Ahom_King_Unconfirmed_Event.png,v01,file:///home/angsuman/extra_spac/AHOM/images/93_Warrior_Kneels_Before_the_Ahom_King_Unconfirmed_Event.png,A royal commander kneels before the Ahom throne pledging absolute victory or martyrdom for the homeland.,"Ahom King, Kneeling warrior"
107,Suklenmung,Siu-Klen-Mung,Garhgaya Raja,Garhgaya House,Imperial Expansion & Early Invasions (1497–1603),1539,1552,1539–1552,Accession of Suklenmung,1539,1539,Accession,Garhgaon,11_Suklenmung_Takes_the_Throne.png,v01,file:///home/angsuman/extra_spac/AHOM/images/11_Suklenmung_Takes_the_Throne.png,"Suklenmung ascends the throne following Suhungmung's death, establishing Garhgaon as the royal residence.",King Suklenmung
108,Suklenmung,Siu-Klen-Mung,Garhgaya Raja,Garhgaya House,Imperial Expansion & Early Invasions (1497–1603),1539,1552,1539–1552,Construction of Fortified Capital Garhgaon and Naga Ali,1540–1546,1540,Capital Fortification / Engineering,Garhgaon,12_Building_Garhgaon.png,v01,file:///home/angsuman/extra_spac/AHOM/images/12_Building_Garhgaon.png,"Excavates the monumental Garhgaon moat and earthen ramparts, builds brick gateways, and constructs the great Naga Ali military road.","King Suklenmung, Royal architects"
109,Suklenmung,Siu-Klen-Mung,Garhgaya Raja,Garhgaya House,Imperial Expansion & Early Invasions (1497–1603),1539,1552,1539–1552,Battle of Pichala Against Koch Forces,1546–1547,1546,Warfare,Pichala River,13_Suklenmung_Defends_Against_the_Koch_Army.png,v01,file:///home/angsuman/extra_spac/AHOM/images/13_Suklenmung_Defends_Against_the_Koch_Army.png,"Suklenmung defends his kingdom against invading Koch commander Chilarai along the Pichala River, repulsing Koch forces with heavy losses.","King Suklenmung, General Chilarai"
110,Suklenmung,Siu-Klen-Mung,Garhgaya Raja,Garhgaya House,Imperial Expansion & Early Invasions (1497–1603),1539,1552,1539–1552,Solemn Celebration of the Rikkhvan Ceremony,c. 1548,1548,Tai Sacred Ritual,Garhgaon,14_Suklenmung_Rikkhvan_Victory_Ceremony.png,v01,file:///home/angsuman/extra_spac/AHOM/images/14_Suklenmung_Rikkhvan_Victory_Ceremony.png,"Performance of the ancient Tai Rikkhvan ritual to restore royal vitality, longevity, and invincibility in battle.","King Suklenmung, Deodhai and Bailung high priests"
111,Sukhaamphaa,Siu-Kham-Pha,Khora Raja,Garhgaya House,Imperial Expansion & Early Invasions (1497–1603),1552,1603,1552–1603,Royal Procession of King Sukhaamphaa,c. 1555,1555,Royal Pageantry,Garhgaon,15_Sukhaamphaa_Khora_Raja_Royal_Procession_v01.png,v01,file:///home/angsuman/extra_spac/AHOM/images/15_Sukhaamphaa_Khora_Raja_Royal_Procession_v01.png,Magnificent procession of Sukhaamphaa riding atop the royal tusker through Garhgaon with gold-embroidered silk standards.,King Sukhaamphaa Khora Raja
112,Sukhaamphaa,Siu-Kham-Pha,Khora Raja,Garhgaya House,Imperial Expansion & Early Invasions (1497–1603),1552,1603,1552–1603,Royal Procession of King Sukhaamphaa,c. 1555,1555,Royal Pageantry,Garhgaon,15_Sukhaamphaa_Khora_Raja_Royal_Procession_v02.png,v02,file:///home/angsuman/extra_spac/AHOM/images/15_Sukhaamphaa_Khora_Raja_Royal_Procession_v02.png,Magnificent procession of Sukhaamphaa riding atop the royal tusker through Garhgaon with gold-embroidered silk standards.,King Sukhaamphaa Khora Raja
113,Sukhaamphaa,Siu-Kham-Pha,Khora Raja,Garhgaya House,Imperial Expansion & Early Invasions (1497–1603),1552,1603,1552–1603,Chilarai's Invasion of Garhgaon,1562–1563,1562,Invasion / Tactical Retreat,Namrup / Garhgaon,17_Koch_Invasion_and_Ahom_Retreat_from_Garhgaon.png,v01,file:///home/angsuman/extra_spac/AHOM/images/17_Koch_Invasion_and_Ahom_Retreat_from_Garhgaon.png,Koch king Naranarayan and general Chilarai launch a blitzkrieg; Ahoms execute a tactical retreat into the hills of Namrup.,"King Sukhaamphaa, General Chilarai, King Naranarayan"
114,Sukhaamphaa,Siu-Kham-Pha,Khora Raja,Garhgaya House,Imperial Expansion & Early Invasions (1497–1603),1552,1603,1552–1603,The Treaty of Majuli,1563,1563,Treaty / Peace Settlement,Majuli Island,18_Treaty_of_Majuli.png,v01,file:///home/angsuman/extra_spac/AHOM/images/18_Treaty_of_Majuli.png,"Peace treaty negotiated on Majuli island; Ahoms cede north bank lands and send royal hostages, enabling subsequent reclamation after Koch departure.","King Sukhaamphaa, General Chilarai, Royal hostages"
115,Sukhaamphaa,Siu-Kham-Pha,Khora Raja,Garhgaya House,Imperial Expansion & Early Invasions (1497–1603),1552,1603,1552–1603,The Long Peace and Cultural Growth Under Khora Raja,1565–1603,1565,Cultural Golden Era,Garhgaon,16_Long_Peace_of_Khora_Raja.png,v01,file:///home/angsuman/extra_spac/AHOM/images/16_Long_Peace_of_Khora_Raja.png,"Following early wars, Sukhaamphaa's kingdom experiences prolonged domestic peace, flourishing commerce, and arts.",King Sukhaamphaa
116,Pratap Singha,Susenghphaa,Burha Raja / Pratap Singha,Garhgaya House,Mughal-Ahom Wars & Zenith of Statecraft (1603–1681),1603,1641,1603–1641,Accession of Susenghphaa (Pratap Singha),1603,1603,Accession,Garhgaon,19_Pratap_Singha_Takes_the_Throne_v01.png,v01,file:///home/angsuman/extra_spac/AHOM/images/19_Pratap_Singha_Takes_the_Throne_v01.png,"Pratap Singha ascends the throne at Garhgaon, inaugurating decades of revolutionary governance and resistance against the Mughal Empire.",King Pratap Singha
117,Pratap Singha,Susenghphaa,Burha Raja / Pratap Singha,Garhgaya House,Mughal-Ahom Wars & Zenith of Statecraft (1603–1681),1603,1641,1603–1641,Accession of Susenghphaa (Pratap Singha),1603,1603,Accession,Garhgaon,19_Pratap_Singha_Takes_the_Throne_v02.png,v02,file:///home/angsuman/extra_spac/AHOM/images/19_Pratap_Singha_Takes_the_Throne_v02.png,"Pratap Singha ascends the throne at Garhgaon, inaugurating decades of revolutionary governance and resistance against the Mughal Empire.",King Pratap Singha
118,Pratap Singha,Susenghphaa,Burha Raja / Pratap Singha,Garhgaya House,Mughal-Ahom Wars & Zenith of Statecraft (1603–1681),1603,1641,1603–1641,Reorganization of the Paik System by Momai Tamuli Barbarua,c. 1608–1615,1608,Administrative & Military Revolution,Garhgaon,20_Momai_Tamuli_and_the_Paik_Reforms.png,v01,file:///home/angsuman/extra_spac/AHOM/images/20_Momai_Tamuli_and_the_Paik_Reforms.png,"Momai Tamuli reorganizes adult males into Paik squads (Gots of 3 or 4 men), mandatory rotation of state labor, and khel guilds, transforming Assam's agrarian and military mobilization.","Momai Tamuli Barbarua, King Pratap Singha"
119,Pratap Singha,Susenghphaa,Burha Raja / Pratap Singha,Garhgaya House,Mughal-Ahom Wars & Zenith of Statecraft (1603–1681),1603,1641,1603–1641,Institution of the Offices of Borbarua and Borphukan,c. 1615,1615,Executive Reform,Garhgaon / Guwahati,21_Creation_of_Borbarua_and_Borphukan.png,v01,file:///home/angsuman/extra_spac/AHOM/images/21_Creation_of_Borbarua_and_Borphukan.png,Pratap Singha creates two supreme executive posts: the Borbarua (prime administrator & chief judicial magistrate) and Borphukan (viceroy & supreme military warden of Lower Assam).,"King Pratap Singha, First Borbarua Momai Tamuli, First Borphukan Langi Panisiya"
120,Pratap Singha,Susenghphaa,Burha Raja / Pratap Singha,Garhgaya House,Mughal-Ahom Wars & Zenith of Statecraft (1603–1681),1603,1641,1603–1641,Treaty of Asurar Ali and Western Defense Line,1639,1639,Treaty / Defensive Consolidation,Guwahati / Barnadi,22_Pratap_Singha_Western_Frontier.png,v01,file:///home/angsuman/extra_spac/AHOM/images/22_Pratap_Singha_Western_Frontier.png,"Following repeated repulses of Mughal invasions, Pratap Singha signs the Treaty of Asurar Ali (1639) with Allah Yar Khan, formalizing the Barnadi River as the frontier.","King Pratap Singha, Mughal General Allah Yar Khan, Momai Tamuli"
121,Suramphaa,Siu-Ram-Pha,Bhaga Raja,Garhgaya House,Mughal-Ahom Wars & Zenith of Statecraft (1603–1681),1641,1644,1641–1644,Tyranny and Court Intrigue Under Suramphaa,1641–1644,1641,Palace Intrigue,Garhgaon,23_Suramphaa_Court_Intrigue.png,v01,file:///home/angsuman/extra_spac/AHOM/images/23_Suramphaa_Court_Intrigue.png,"Suramphaa becomes infatuated with a concubine, disregarding ministers and executing loyal nobles arbitrarily.","King Suramphaa, Royal concubine, Ahom ministers"
122,Suramphaa,Siu-Ram-Pha,Bhaga Raja,Garhgaya House,Mughal-Ahom Wars & Zenith of Statecraft (1603–1681),1641,1644,1641–1644,Deposition and Poisoning of Suramphaa,1644,1644,Deposition / Coup,Garhgaon,24_Deposition_of_Suramphaa.png,v01,file:///home/angsuman/extra_spac/AHOM/images/24_Deposition_of_Suramphaa.png,The council of ministers deposes the tyrannical king and removes him from power.,"King Suramphaa, Council of Gohains"
123,Sutingphaa,Siu-Ting-Pha,Noriya Raja,Garhgaya House,Mughal-Ahom Wars & Zenith of Statecraft (1603–1681),1644,1648,1644–1648,The Frail Reign of Sutingphaa,1644–1648,1644,Governance Crisis,Garhgaon,25_Sutingphaa_The_Sickly_King.png,v01,file:///home/angsuman/extra_spac/AHOM/images/25_Sutingphaa_The_Sickly_King.png,"Afflicted by chronic disease and goitre, Sutingphaa struggles to rule while court factions vie for supremacy.",King Sutingphaa Noriya Raja
124,Sutingphaa,Sutamla (Future Jayadhwaj Singha),Prince Sutamla,Garhgaya House,Mughal-Ahom Wars & Zenith of Statecraft (1603–1681),1644,1648,1644–1648,Prince Sutamla Organizes Court Loyalists,1648,1648,Succession Coup,Garhgaon,26_Prince_Sutamla_at_Garhgaon.png,v01,file:///home/angsuman/extra_spac/AHOM/images/26_Prince_Sutamla_at_Garhgaon.png,Prince Sutamla rallies ministers and soldiers to remove his incapacitated father to restore imperial governance.,"Prince Sutamla, Court commanders"
125,Jayadhwaj Singha,Sutamla,Jayadhwaj Singha,Garhgaya House,Mughal-Ahom Wars & Zenith of Statecraft (1603–1681),1648,1663,1648–1663,Coronation of Jayadhwaj Singha,1648,1648,Coronation,Garhgaon,27_Sutamla_Jayadhwaj_Singha_Takes_the_Throne.png,v01,file:///home/angsuman/extra_spac/AHOM/images/27_Sutamla_Jayadhwaj_Singha_Takes_the_Throne.png,"Sutamla ascends the throne taking the regal Hindu name Jayadhwaj Singha, the first Ahom monarch to issue coins with Sanskrit inscriptions.",King Jayadhwaj Singha
126,Jayadhwaj Singha,Sutamla,Swargadeo / Bhagania Raja,Garhgaya House,Mughal-Ahom Wars & Zenith of Statecraft (1603–1681),1648,1663,1648–1663,Solemn Vigil at the Royal Deathbed,c. 16th–17th Century,1648,Royal Demise,Garhgaon,94_Royal_Deathbed_Unconfirmed_Event.png,v01,file:///home/angsuman/extra_spac/AHOM/images/94_Royal_Deathbed_Unconfirmed_Event.png,"Court ministers, priests, and queens maintain vigil around the royal bed chamber as a Swargadeo departs for the realm of ancestors.","Dying Ahom King, High ministers, Deodhais"
127,Jayadhwaj Singha,Sutamla,Jayadhwaj Singha,Garhgaya House,Mughal-Ahom Wars & Zenith of Statecraft (1603–1681),1648,1663,1648–1663,Adoption of Hindu Rituals in Sutamla's Court,c. 1650,1650,Religious Transition,Garhgaon,26_Sutamla_Hindu_Court_Rituals_Early_Concept.png,v01,file:///home/angsuman/extra_spac/AHOM/images/26_Sutamla_Hindu_Court_Rituals_Early_Concept.png,"Sutamla formalizes Hindu court rituals, patronizing Vaishnava monasteries and adopting Sanskrit titulature alongside Tai liturgy.","King Jayadhwaj Singha, Court priests"
128,Jayadhwaj Singha,Sutamla,Jayadhwaj Singha,Garhgaya House,Mughal-Ahom Wars & Zenith of Statecraft (1603–1681),1648,1663,1648–1663,Royal Initiation into Ekasarana Dharma,c. 1654–1663,1654,Religious Initiation,Garhgaon,34_Sutamla_Embraces_the_Sankari_Path_v01.png,v01,file:///home/angsuman/extra_spac/AHOM/images/34_Sutamla_Embraces_the_Sankari_Path_v01.png,"Jayadhwaj takes spiritual initiation from Niranjan Bapu of Auniati Satra, formally adopting Mahapuruxiya Ekasarana Dharma as royal faith.","King Jayadhwaj Singha, Niranjan Deva of Auniati Satra"
129,Jayadhwaj Singha,Sutamla,Jayadhwaj Singha,Garhgaya House,Mughal-Ahom Wars & Zenith of Statecraft (1603–1681),1648,1663,1648–1663,Royal Initiation into Ekasarana Dharma,c. 1654–1663,1654,Religious Initiation,Garhgaon,34_Sutamla_Embraces_the_Sankari_Path_v02.png,v02,file:///home/angsuman/extra_spac/AHOM/images/34_Sutamla_Embraces_the_Sankari_Path_v02.png,"Jayadhwaj takes spiritual initiation from Niranjan Bapu of Auniati Satra, formally adopting Mahapuruxiya Ekasarana Dharma as royal faith.","King Jayadhwaj Singha, Niranjan Deva of Auniati Satra"
130,Jayadhwaj Singha,Sutamla,Jayadhwaj Singha,Garhgaya House,Mughal-Ahom Wars & Zenith of Statecraft (1603–1681),1648,1663,1648–1663,Royal Naam-Prasanga and Satra Endowments,c. 1660,1660,Religious Devotion,Majuli / Garhgaon,35_Jayadhwaj_Singha_at_Naam_Prasanga.png,v01,file:///home/angsuman/extra_spac/AHOM/images/35_Jayadhwaj_Singha_at_Naam_Prasanga.png,The king participates in choral chanting (Naam-Prasanga) and donates extensive rent-free lands and paiks to the satras of Majuli.,"King Jayadhwaj Singha, Satradhikars, Vaishnava bhakats"
131,Jayadhwaj Singha,Sutamla,Jayadhwaj Singha,Garhgaya House,Mughal-Ahom Wars & Zenith of Statecraft (1603–1681),1648,1663,1648–1663,Mir Jumla's Imperial Mughal Invasion,1662,1662,Invasion / Foreign Threat,Guwahati / Garhgaon,28_Mir_Jumla_Invasion_of_Assam.png,v01,file:///home/angsuman/extra_spac/AHOM/images/28_Mir_Jumla_Invasion_of_Assam.png,"Aurangzeb's premier general and Viceroy of Bengal, Mir Jumla, advances up the Brahmaputra with 12,000 cavalry, 30,000 infantry, and 323 armed war boats.","Mir Jumla, King Jayadhwaj Singha, Dilir Khan"
132,Jayadhwaj Singha,Sutamla,Jayadhwaj Singha,Garhgaya House,Mughal-Ahom Wars & Zenith of Statecraft (1603–1681),1648,1663,1648–1663,Mughal Capture of Capital Garhgaon,March 1662,1662,Fall of Capital,Garhgaon,29_Fall_of_Garhgaon_to_the_Mughals_v01.png,v01,file:///home/angsuman/extra_spac/AHOM/images/29_Fall_of_Garhgaon_to_the_Mughals_v01.png,"Mir Jumla enters Garhgaon in victory; thousands of Ahom cannons, gold treasures, and grain reserves are captured by imperial Mughal forces.","Mir Jumla, Mughal garrison, Chronicler Shihabuddin Talish"
133,Jayadhwaj Singha,Sutamla,Jayadhwaj Singha,Garhgaya House,Mughal-Ahom Wars & Zenith of Statecraft (1603–1681),1648,1663,1648–1663,Mughal Capture of Capital Garhgaon,March 1662,1662,Fall of Capital,Garhgaon,29_Fall_of_Garhgaon_to_the_Mughals_v02.png,v02,file:///home/angsuman/extra_spac/AHOM/images/29_Fall_of_Garhgaon_to_the_Mughals_v02.png,"Mir Jumla enters Garhgaon in victory; thousands of Ahom cannons, gold treasures, and grain reserves are captured by imperial Mughal forces.","Mir Jumla, Mughal garrison, Chronicler Shihabuddin Talish"
134,Jayadhwaj Singha,Sutamla,Bhagania Raja,Garhgaya House,Mughal-Ahom Wars & Zenith of Statecraft (1603–1681),1648,1663,1648–1663,The Monsoon Counter-War of Namrup,June–October 1662,1662,Guerrilla Warfare / Monsoon Campaign,Namrup Hills,30_Jayadhwaj_Singha_Retreats_Through_the_Monsoon.png,v01,file:///home/angsuman/extra_spac/AHOM/images/30_Jayadhwaj_Singha_Retreats_Through_the_Monsoon.png,"From hills of Namrup, Jayadhwaj unleashes guerrilla warfare during torrential monsoons, severing Mughal supply lines and decimating Mir Jumla's trapped army with epidemic fever.","King Jayadhwaj Singha, Ahom guerrilla fighters, Mir Jumla"
135,Jayadhwaj Singha,Sutamla,Jayadhwaj Singha,Garhgaya House,Mughal-Ahom Wars & Zenith of Statecraft (1603–1681),1648,1663,1648–1663,The Treaty of Ghilajharighat,January 1663,1663,Treaty / Humiliation,Ghilajharighat / Tipam,31_Treaty_of_Ghilajharighat.png,v01,file:///home/angsuman/extra_spac/AHOM/images/31_Treaty_of_Ghilajharighat.png,"Severely ill Mir Jumla and exhausted Jayadhwaj sign treaty; Ahoms cede Western Assam, pay war indemnities of gold, silver, 90 elephants, and send princesses.","King Jayadhwaj Singha, Mir Jumla, Dilir Khan"
136,Jayadhwaj Singha,Sutamla,Jayadhwaj Singha,Garhgaya House,Mughal-Ahom Wars & Zenith of Statecraft (1603–1681),1648,1663,1648–1663,Departure of Princess Ramani Gabharu to Delhi,1663,1663,Royal Sacrifice / Farewell,Ghilajharighat,32_Ramani_Gabharu_and_Tribute_Farewell_to_Mir_Jumla_v01.png,v01,file:///home/angsuman/extra_spac/AHOM/images/32_Ramani_Gabharu_and_Tribute_Farewell_to_Mir_Jumla_v01.png,"Six-year-old Princess Ramani Gabharu (daughter of Jayadhwaj) is tearfully handed over as part of the treaty to be sent to Delhi, where she later marries Prince Azam Shah as Rahmat Banu Begum.","Princess Ramani Gabharu, King Jayadhwaj Singha, Mughal officers"
137,Jayadhwaj Singha,Sutamla,Jayadhwaj Singha,Garhgaya House,Mughal-Ahom Wars & Zenith of Statecraft (1603–1681),1648,1663,1648–1663,Departure of Princess Ramani Gabharu to Delhi,1663,1663,Royal Sacrifice / Farewell,Ghilajharighat,32_Ramani_Gabharu_and_Tribute_Farewell_to_Mir_Jumla_v02.png,v02,file:///home/angsuman/extra_spac/AHOM/images/32_Ramani_Gabharu_and_Tribute_Farewell_to_Mir_Jumla_v02.png,"Six-year-old Princess Ramani Gabharu (daughter of Jayadhwaj) is tearfully handed over as part of the treaty to be sent to Delhi, where she later marries Prince Azam Shah as Rahmat Banu Begum.","Princess Ramani Gabharu, King Jayadhwaj Singha, Mughal officers"
138,Jayadhwaj Singha,Sutamla,Jayadhwaj Singha,Garhgaya House,Mughal-Ahom Wars & Zenith of Statecraft (1603–1681),1648,1663,1648–1663,Departure of Princess Ramani Gabharu to Delhi,1663,1663,Royal Sacrifice / Farewell,Ghilajharighat,32_Ramani_Gabharu_and_Tribute_Farewell_to_Mir_Jumla_v03.png,v03,file:///home/angsuman/extra_spac/AHOM/images/32_Ramani_Gabharu_and_Tribute_Farewell_to_Mir_Jumla_v03.png,"Six-year-old Princess Ramani Gabharu (daughter of Jayadhwaj) is tearfully handed over as part of the treaty to be sent to Delhi, where she later marries Prince Azam Shah as Rahmat Banu Begum.","Princess Ramani Gabharu, King Jayadhwaj Singha, Mughal officers"
139,Jayadhwaj Singha,Sutamla,Jayadhwaj Singha,Garhgaya House,Mughal-Ahom Wars & Zenith of Statecraft (1603–1681),1648,1663,1648–1663,King Jayadhwaj Singha's Vow of Liberation,1663,1663,Sovereign Grief / Vow,Garhgaon / Bakata,33_Jayadhwaj_Singha_After_the_Humiliating_Treaty.png,v01,file:///home/angsuman/extra_spac/AHOM/images/33_Jayadhwaj_Singha_After_the_Humiliating_Treaty.png,"Brokenhearted by the humiliating treaty and daughter's departure, Jayadhwaj returns to ruined Garhgaon and urges the court never to rest until the Mughals are expelled.","King Jayadhwaj Singha, Gohains"
140,Jayadhwaj Singha,Sutamla,Jayadhwaj Singha,Garhgaya House,Mughal-Ahom Wars & Zenith of Statecraft (1603–1681),1648,1663,1648–1663,Deathbed of King Jayadhwaj Singha,November 1663,1663,Royal Demise,Bakata,36_Death_of_Jayadhwaj_Singha_v01.png,v01,file:///home/angsuman/extra_spac/AHOM/images/36_Death_of_Jayadhwaj_Singha_v01.png,"On his deathbed at Bakata, Jayadhwaj extracts a solemn oath from his successor Chakradhwaj Singha to wipe out the shame of Mughal conquest.","King Jayadhwaj Singha, Prince Chakradhwaj Singha"
141,Jayadhwaj Singha,Sutamla,Jayadhwaj Singha,Garhgaya House,Mughal-Ahom Wars & Zenith of Statecraft (1603–1681),1648,1663,1648–1663,Deathbed of King Jayadhwaj Singha,November 1663,1663,Royal Demise,Bakata,36_Death_of_Jayadhwaj_Singha_v02.png,v02,file:///home/angsuman/extra_spac/AHOM/images/36_Death_of_Jayadhwaj_Singha_v02.png,"On his deathbed at Bakata, Jayadhwaj extracts a solemn oath from his successor Chakradhwaj Singha to wipe out the shame of Mughal conquest.","King Jayadhwaj Singha, Prince Chakradhwaj Singha"
142,Chakradhwaj Singha,Supangmung,Chakradhwaj Singha,Garhgaya House,Mughal-Ahom Wars & Zenith of Statecraft (1603–1681),1663,1670,1663–1670,Chakradhwaj Singha's Oath of Resistance,1667,1667,Defiance / Royal Resolution,Garhgaon,01_Chakradhwaj_Singha_Oath_of_Resistance.png,v01,file:///home/angsuman/extra_spac/AHOM/images/01_Chakradhwaj_Singha_Oath_of_Resistance.png,"Receiving a patronizing Mughal royal robe (khilat) from Delhi, King Chakradhwaj angrily throws it down, proclaiming: 'Death is preferable to a state of subordination to the Bengas!'","King Chakradhwaj Singha, Atan Burhagohain"
143,Chakradhwaj Singha,Supangmung,Chakradhwaj Singha,Garhgaya House,Mughal-Ahom Wars & Zenith of Statecraft (1603–1681),1663,1670,1663–1670,Lachit Tested and Appointed Supreme Commander,1667,1667,Military Commission,Garhgaon,02_Lachit_Borphukan_Receives_Command_v01.png,v01,file:///home/angsuman/extra_spac/AHOM/images/02_Lachit_Borphukan_Receives_Command_v01.png,"Chakradhwaj tests Lachit's presence of mind with a staged court insult; impressed by his fierce dignity, the king confers the golden sword and supreme command of the army to liberate Guwahati.","King Chakradhwaj Singha, Lachit Borphukan"
144,Chakradhwaj Singha,Supangmung,Chakradhwaj Singha,Garhgaya House,Mughal-Ahom Wars & Zenith of Statecraft (1603–1681),1663,1670,1663–1670,Lachit Tested and Appointed Supreme Commander,1667,1667,Military Commission,Garhgaon,02_Lachit_Borphukan_Receives_Command_v02.png,v02,file:///home/angsuman/extra_spac/AHOM/images/02_Lachit_Borphukan_Receives_Command_v02.png,"Chakradhwaj tests Lachit's presence of mind with a staged court insult; impressed by his fierce dignity, the king confers the golden sword and supreme command of the army to liberate Guwahati.","King Chakradhwaj Singha, Lachit Borphukan"
145,Chakradhwaj Singha,Supangmung,Chakradhwaj Singha,Garhgaya House,Mughal-Ahom Wars & Zenith of Statecraft (1603–1681),1663,1670,1663–1670,Lachit Borphukan Liberates Guwahati,November 1667,1667,Triumphant Offensive,Guwahati,03_Lachit_Liberates_Guwahati_v01.png,v01,file:///home/angsuman/extra_spac/AHOM/images/03_Lachit_Liberates_Guwahati_v01.png,"Ahom forces execute a coordinated amphibious night assault, breaching the Mughal ramparts and driving imperial troops out of Guwahati.","Lachit Borphukan, Mughal commander Firuz Khan"
146,Chakradhwaj Singha,Supangmung,Chakradhwaj Singha,Garhgaya House,Mughal-Ahom Wars & Zenith of Statecraft (1603–1681),1663,1670,1663–1670,Lachit Borphukan Liberates Guwahati,November 1667,1667,Triumphant Offensive,Guwahati,03_Lachit_Liberates_Guwahati_v02.png,v02,file:///home/angsuman/extra_spac/AHOM/images/03_Lachit_Liberates_Guwahati_v02.png,"Ahom forces execute a coordinated amphibious night assault, breaching the Mughal ramparts and driving imperial troops out of Guwahati.","Lachit Borphukan, Mughal commander Firuz Khan"
147,Chakradhwaj Singha,Supangmung,Chakradhwaj Singha,Garhgaya House,Mughal-Ahom Wars & Zenith of Statecraft (1603–1681),1663,1670,1663–1670,Recapture of the Strategic Fort of Itakhuli,1667,1667,Siege Victory,Itakhuli / Guwahati,04_Lachit_Recaptures_Itakhuli.png,v01,file:///home/angsuman/extra_spac/AHOM/images/04_Lachit_Recaptures_Itakhuli.png,"Lachit storm-attacks the strategic Itakhuli fortress, capturing vast Mughal artillery, war sloops, and driving imperial forces beyond the Manas.","Lachit Borphukan, Ahom assault commandos"
148,Chakradhwaj Singha,Supangmung,Chakradhwaj Singha,Garhgaya House,Mughal-Ahom Wars & Zenith of Statecraft (1603–1681),1663,1670,1663–1670,The Tragic Battle of Alaboi,August 1669,1669,Tragedy / Battle,Alaboi Plains,05_Lachit_Mourns_the_Fallen_at_Alaboi.png,v01,file:///home/angsuman/extra_spac/AHOM/images/05_Lachit_Mourns_the_Fallen_at_Alaboi.png,"Compelled by Chakradhwaj to engage Ram Singh's cavalry on open plains, 10,000 Ahom braves perish in a single day; Lachit weeps bitterly for his fallen soldiers.","Lachit Borphukan, King Chakradhwaj Singha, Raja Ram Singh"
149,Chakradhwaj Singha,Supangmung,Chakradhwaj Singha,Garhgaya House,Mughal-Ahom Wars & Zenith of Statecraft (1603–1681),1663,1670,1663–1670,Total Military Reorganization After Alaboi,1669–1670,1669,Military Reorganization,Garhgaon / Guwahati,06_Chakradhwaj_Singha_Rebuilds_the_Army_v01.png,v01,file:///home/angsuman/extra_spac/AHOM/images/06_Chakradhwaj_Singha_Rebuilds_the_Army_v01.png,"Chakradhwaj and Lachit regroup, constructing massive defensive mud ramparts (Gars) around Saraighat and converting strategy to pure riverine warfare.","King Chakradhwaj Singha, Lachit Borphukan, Atan Burhagohain"
150,Chakradhwaj Singha,Supangmung,Chakradhwaj Singha,Garhgaya House,Mughal-Ahom Wars & Zenith of Statecraft (1603–1681),1663,1670,1663–1670,Total Military Reorganization After Alaboi,1669–1670,1669,Military Reorganization,Garhgaon / Guwahati,06_Chakradhwaj_Singha_Rebuilds_the_Army_v02.png,v02,file:///home/angsuman/extra_spac/AHOM/images/06_Chakradhwaj_Singha_Rebuilds_the_Army_v02.png,"Chakradhwaj and Lachit regroup, constructing massive defensive mud ramparts (Gars) around Saraighat and converting strategy to pure riverine warfare.","King Chakradhwaj Singha, Lachit Borphukan, Atan Burhagohain"
151,Udayaditya Singha,Sunyatphaa,Udayaditya Singha,Garhgaya House,Mughal-Ahom Wars & Zenith of Statecraft (1603–1681),1670,1672,1670–1672,War Council of Udayaditya Singha and Lachit Borphukan,1670,1670,War Council,Guwahati,07_Udayaditya_Singha_and_Lachit_War_Council_v01.png,v01,file:///home/angsuman/extra_spac/AHOM/images/07_Udayaditya_Singha_and_Lachit_War_Council_v01.png,"Upon succeeding Chakradhwaj, Udayaditya reaffirms complete faith in Lachit Borphukan, coordinating logistics for the impending Mughal clash.","King Udayaditya Singha, Lachit Borphukan"
152,Udayaditya Singha,Sunyatphaa,Udayaditya Singha,Garhgaya House,Mughal-Ahom Wars & Zenith of Statecraft (1603–1681),1670,1672,1670–1672,War Council of Udayaditya Singha and Lachit Borphukan,1670,1670,War Council,Guwahati,07_Udayaditya_Singha_and_Lachit_War_Council_v02.png,v02,file:///home/angsuman/extra_spac/AHOM/images/07_Udayaditya_Singha_and_Lachit_War_Council_v02.png,"Upon succeeding Chakradhwaj, Udayaditya reaffirms complete faith in Lachit Borphukan, coordinating logistics for the impending Mughal clash.","King Udayaditya Singha, Lachit Borphukan"
153,Udayaditya Singha,Sunyatphaa,Udayaditya Singha,Garhgaya House,Mughal-Ahom Wars & Zenith of Statecraft (1603–1681),1670,1672,1670–1672,Fortification of Saraighat and Execution of the Negligent Uncle,1671,1671,Iron Discipline / Defense,Saraighat / Guwahati,08_Lachit_Prepares_for_Saraighat_v01.png,v01,file:///home/angsuman/extra_spac/AHOM/images/08_Lachit_Prepares_for_Saraighat_v01.png,"Lachit oversees construction of the Saraighat earthen rampart overnight; finding his maternal uncle negligent, he beheads him uttering: 'My uncle is not greater than my country!'","Lachit Borphukan, Maternal uncle"
154,Udayaditya Singha,Sunyatphaa,Udayaditya Singha,Garhgaya House,Mughal-Ahom Wars & Zenith of Statecraft (1603–1681),1670,1672,1670–1672,Fortification of Saraighat and Execution of the Negligent Uncle,1671,1671,Iron Discipline / Defense,Saraighat / Guwahati,08_Lachit_Prepares_for_Saraighat_v02.png,v02,file:///home/angsuman/extra_spac/AHOM/images/08_Lachit_Prepares_for_Saraighat_v02.png,"Lachit oversees construction of the Saraighat earthen rampart overnight; finding his maternal uncle negligent, he beheads him uttering: 'My uncle is not greater than my country!'","Lachit Borphukan, Maternal uncle"
155,Udayaditya Singha,Sunyatphaa,Udayaditya Singha,Garhgaya House,Mughal-Ahom Wars & Zenith of Statecraft (1603–1681),1670,1672,1670–1672,Lachit Rallies Retreating Troops from His Sickbed,March 1671,1671,Heroism / Inspiring Leadership,Brahmaputra / Saraighat,09_Lachit_Rallies_the_Ahom_Troops.png,v01,file:///home/angsuman/extra_spac/AHOM/images/09_Lachit_Rallies_the_Ahom_Troops.png,"Suffering from severe high fever, Lachit orders his sickbed carried onto his royal war-boat, shouting to retreating soldiers: 'If you wish to flee, do so! But let the King know I died fighting!'","Lachit Borphukan, Ahom boatmen"
156,Udayaditya Singha,Sunyatphaa,Udayaditya Singha,Garhgaya House,Mughal-Ahom Wars & Zenith of Statecraft (1603–1681),1670,1672,1670–1672,The Epic Naval Battle of Saraighat,March 1671,1671,Historic Naval Victory,"Saraighat, Brahmaputra",10_Lachit_Commands_the_Battle_of_Saraighat_v01.png,v01,file:///home/angsuman/extra_spac/AHOM/images/10_Lachit_Commands_the_Battle_of_Saraighat_v01.png,Ahom fleet traps Ram Singh's Mughal armada at the narrowest gorge of the Brahmaputra at Saraighat; Mughal naval force is completely shattered in a historic tactical masterpiece.,"Lachit Borphukan, Raja Ram Singh, Munawar Khan"
157,Udayaditya Singha,Sunyatphaa,Udayaditya Singha,Garhgaya House,Mughal-Ahom Wars & Zenith of Statecraft (1603–1681),1670,1672,1670–1672,The Epic Naval Battle of Saraighat,March 1671,1671,Historic Naval Victory,"Saraighat, Brahmaputra",10_Lachit_Commands_the_Battle_of_Saraighat_v02.png,v02,file:///home/angsuman/extra_spac/AHOM/images/10_Lachit_Commands_the_Battle_of_Saraighat_v02.png,Ahom fleet traps Ram Singh's Mughal armada at the narrowest gorge of the Brahmaputra at Saraighat; Mughal naval force is completely shattered in a historic tactical masterpiece.,"Lachit Borphukan, Raja Ram Singh, Munawar Khan"
158,Udayaditya Singha,Sunyatphaa,Udayaditya Singha,Garhgaya House,Mughal-Ahom Wars & Zenith of Statecraft (1603–1681),1670,1672,1670–1672,The Epic Naval Battle of Saraighat,March 1671,1671,Historic Naval Victory,"Saraighat, Brahmaputra",10_Lachit_Commands_the_Battle_of_Saraighat_v03.png,v03,file:///home/angsuman/extra_spac/AHOM/images/10_Lachit_Commands_the_Battle_of_Saraighat_v03.png,Ahom fleet traps Ram Singh's Mughal armada at the narrowest gorge of the Brahmaputra at Saraighat; Mughal naval force is completely shattered in a historic tactical masterpiece.,"Lachit Borphukan, Raja Ram Singh, Munawar Khan"
159,Udayaditya Singha,Sunyatphaa,Udayaditya Singha,Garhgaya House,Mughal-Ahom Wars & Zenith of Statecraft (1603–1681),1670,1672,1670–1672,The Expedition Against the Daflas,1671–1672,1671,Frontier Campaign,Northern Frontier,11_Dafla_Expedition.png,v01,file:///home/angsuman/extra_spac/AHOM/images/11_Dafla_Expedition.png,Expedition launched to pacify Dafla hillmen raiding north bank villages; harsh conditions test the royal army.,"King Udayaditya Singha, Ahom commanders"
160,Udayaditya Singha,Sunyatphaa,Swargadeo,Garhgaya House,Mughal-Ahom Wars & Zenith of Statecraft (1603–1681),1670,1672,1670–1672,Portrait of Lachit Borphukan,1671,1671,Historical Portrait / Hero,Guwahati / Saraighat,27_Lachit_Borphukan_Portrait_v01.png,v01,file:///home/angsuman/extra_spac/AHOM/images/27_Lachit_Borphukan_Portrait_v01.png,"Regal portrait of the legendary Ahom generalissimo Lachit Borphukan, victor of the epic Battle of Saraighat.","Lachit Borphukan, King Udayaditya Singha"
161,Udayaditya Singha,Sunyatphaa,Swargadeo,Garhgaya House,Mughal-Ahom Wars & Zenith of Statecraft (1603–1681),1670,1672,1670–1672,Portrait of Lachit Borphukan,1671,1671,Historical Portrait / Hero,Guwahati / Saraighat,27_Lachit_Borphukan_Portrait_v02.png,v02,file:///home/angsuman/extra_spac/AHOM/images/27_Lachit_Borphukan_Portrait_v02.png,"Regal portrait of the legendary Ahom generalissimo Lachit Borphukan, victor of the epic Battle of Saraighat.","Lachit Borphukan, King Udayaditya Singha"
162,Ramdhwaj Singha,Suklamphaa,Ramdhwaj Singha,Garhgaya House,Period of Ministerial Intrigue & Terror (1672–1681),1672,1675,1672–1675,Rise of Debera Borbarua's Palace Reign of Terror,1672–1675,1672,Palace Intrigue / Tyranny,Garhgaon,12_Ramdhwaj_Singha_Palace_Intrigue_v01.png,v01,file:///home/angsuman/extra_spac/AHOM/images/12_Ramdhwaj_Singha_Palace_Intrigue_v01.png,"Debera Borbarua accumulates absolute despotic control, executing rival ministers, princes, and courtiers with impunity.","King Ramdhwaj Singha, Debera Borbarua"
163,Ramdhwaj Singha,Suklamphaa,Ramdhwaj Singha,Garhgaya House,Period of Ministerial Intrigue & Terror (1672–1681),1672,1675,1672–1675,Rise of Debera Borbarua's Palace Reign of Terror,1672–1675,1672,Palace Intrigue / Tyranny,Garhgaon,12_Ramdhwaj_Singha_Palace_Intrigue_v02.png,v02,file:///home/angsuman/extra_spac/AHOM/images/12_Ramdhwaj_Singha_Palace_Intrigue_v02.png,"Debera Borbarua accumulates absolute despotic control, executing rival ministers, princes, and courtiers with impunity.","King Ramdhwaj Singha, Debera Borbarua"
164,Suhung,Suhung,Samaguria Raja,Samaguria House,Period of Ministerial Intrigue & Terror (1672–1681),1675,1675,1675 (20 days),Debera Borbarua Installs and Murders the Samaguria Raja,1675,1675,Puppet Monarchy / Regicide,Garhgaon,13_Samaguria_Raja_and_Debera_Borbarua.png,v01,file:///home/angsuman/extra_spac/AHOM/images/13_Samaguria_Raja_and_Debera_Borbarua.png,"Debera poisons Ramdhwaj and installs Suhung as puppet monarch; when Suhung questions his authority, Debera assassinates him in 20 days.","Suhung Samaguria Raja, Debera Borbarua"
165,Gobar Raja,Gobar,Tungkhungia Gobar Raja,Tungkhungia Dynasty (Founder),Period of Ministerial Intrigue & Terror (1672–1681),1675,1675,1675 (24 days),Gobar Raja Crowned as Debera's Puppet,1675,1675,Puppet Monarchy,Garhgaon,14_Gobar_Raja_The_Puppet_Crown.png,v01,file:///home/angsuman/extra_spac/AHOM/images/14_Gobar_Raja_The_Puppet_Crown.png,Debera crowns Tungkhungia prince Gobar (father of Gadadhar Singha) as king to maintain his puppet grip over the throne.,"Gobar Raja, Debera Borbarua"
166,Gobar Raja,Gobar,Tungkhungia Gobar Raja,Tungkhungia Dynasty (Founder),Period of Ministerial Intrigue & Terror (1672–1681),1675,1675,1675 (24 days),Atan Burhagohain Captures Garhgaon and Executes Debera and Gobar,1675,1675,Coup d'État / Restoration of Law,Garhgaon,15_Fall_of_Gobar_Raja.png,v01,file:///home/angsuman/extra_spac/AHOM/images/15_Fall_of_Gobar_Raja.png,"Atan Burhagohain leads an army of loyalist commanders from Guwahati to Garhgaon, arrests and executes Debera and deposes Gobar.","Atan Burhagohain, Debera Borbarua, Gobar Raja"
167,Sujinphaa,Siu-Jin-Pha,Arjun Dihingia Raja,Dihingia House,Period of Ministerial Intrigue & Terror (1672–1681),1675,1677,1675–1677,Installation of Sujinphaa by Atan Burhagohain,1675,1675,Accession / Statecraft,Garhgaon,16_Atan_Burhagohain_Installs_Sujinphaa.png,v01,file:///home/angsuman/extra_spac/AHOM/images/16_Atan_Burhagohain_Installs_Sujinphaa.png,Noble statesman Atan Burhagohain refuses the crown himself and adheres strictly to constitution by placing Dihingia prince Sujinphaa on the throne.,"King Sujinphaa, Atan Burhagohain"
168,Sujinphaa,Siu-Jin-Pha,Arjun Dihingia Raja,Dihingia House,Period of Ministerial Intrigue & Terror (1672–1681),1675,1677,1675–1677,Court Suspicion and Rift Between King and Premier,1676,1676,Factional Strife,Garhgaon,17_Sujinphaa_and_Atan_Burhagohain_Court_Division.png,v01,file:///home/angsuman/extra_spac/AHOM/images/17_Sujinphaa_and_Atan_Burhagohain_Court_Division.png,"Influenced by plotting sons and courtiers, Sujinphaa begins to view the immensely popular Atan Burhagohain with bitter suspicion.","King Sujinphaa, Atan Burhagohain"
169,Sujinphaa,Siu-Jin-Pha,Arjun Dihingia Raja,Dihingia House,Period of Ministerial Intrigue & Terror (1672–1681),1675,1677,1675–1677,The Royal Army Deserts Sujinphaa,1677,1677,Military Defection,Garhgaon,18_Army_Turns_Against_Sujinphaa.png,v01,file:///home/angsuman/extra_spac/AHOM/images/18_Army_Turns_Against_Sujinphaa.png,"When Sujinphaa attempts an armed ambush against the Burhagohain, royal soldiers refuse to strike their beloved prime minister and desert the king.","King Sujinphaa, Atan Burhagohain, Ahom troops"
170,Sujinphaa,Siu-Jin-Pha,Arjun Dihingia Raja,Dihingia House,Period of Ministerial Intrigue & Terror (1672–1681),1675,1677,1675–1677,Deposition and Tragic End of Sujinphaa,1677,1677,Deposition,Garhgaon,19_Fall_of_Sujinphaa.png,v01,file:///home/angsuman/extra_spac/AHOM/images/19_Fall_of_Sujinphaa.png,"Sujinphaa is captured, blinded according to Ahom dynastic custom, and passes away in confinement.","King Sujinphaa, Council of ministers"
171,Sudoiphaa,Siu-Doi-Pha,Paratiya Raja,Paratiya House,Period of Ministerial Intrigue & Terror (1672–1681),1677,1679,1677–1679,Accession and Court of Sudoiphaa Paratiya Raja,1677,1677,Accession,Garhgaon,20_Sudoiphaa_Paratiya_Raja_Royal_Court.png,v01,file:///home/angsuman/extra_spac/AHOM/images/20_Sudoiphaa_Paratiya_Raja_Royal_Court.png,Paratiya prince ascends the throne; kingdom faces external intrigue from Lower Assam viceroy Laluk Sola Borphukan.,"King Sudoiphaa, Atan Burhagohain"
172,Sudoiphaa,Siu-Doi-Pha,Paratiya Raja,Paratiya House,Period of Ministerial Intrigue & Terror (1672–1681),1677,1679,1677–1679,Treason of Laluk Sola: Surrender of Guwahati to the Mughals,February 1679,1679,Treason / National Tragedy,Guwahati,21_Laluk_Sola_Surrenders_Guwahati_to_the_Mughals_v01.png,v01,file:///home/angsuman/extra_spac/AHOM/images/21_Laluk_Sola_Surrenders_Guwahati_to_the_Mughals_v01.png,"In an act of monstrous betrayal, Laluk Sola Borphukan surrenders Guwahati to Mughal Prince Azam Tara for 400,000 rupees and promises of being made Raja.","Laluk Sola Borphukan, Mughal Prince Muhammad Azam Tara"
173,Sudoiphaa,Siu-Doi-Pha,Paratiya Raja,Paratiya House,Period of Ministerial Intrigue & Terror (1672–1681),1677,1679,1677–1679,Treason of Laluk Sola: Surrender of Guwahati to the Mughals,February 1679,1679,Treason / National Tragedy,Guwahati,21_Laluk_Sola_Surrenders_Guwahati_to_the_Mughals_v02.png,v02,file:///home/angsuman/extra_spac/AHOM/images/21_Laluk_Sola_Surrenders_Guwahati_to_the_Mughals_v02.png,"In an act of monstrous betrayal, Laluk Sola Borphukan surrenders Guwahati to Mughal Prince Azam Tara for 400,000 rupees and promises of being made Raja.","Laluk Sola Borphukan, Mughal Prince Muhammad Azam Tara"
174,Sulikphaa,Siu-Lik-Pha,Lora Raja (Boy King),Charingia House,Period of Ministerial Intrigue & Terror (1672–1681),1679,1681,1679–1681,Prince Gadapani Escapes into the Hills in Disguise,1679–1680,1679,Flight / Fugitive Prince,Naga Hills / Doyang,22_Prince_Gadapani_in_Hiding.png,v01,file:///home/angsuman/extra_spac/AHOM/images/22_Prince_Gadapani_in_Hiding.png,"Forewarned by his courageous wife Joymoti, tall and muscular Prince Gadapani flees in disguise into the Naga hills to evade royal executioners.","Prince Gadapani, Princess Joymoti"
175,Sulikphaa,Siu-Lik-Pha,Lora Raja (Boy King),Charingia House,Period of Ministerial Intrigue & Terror (1672–1681),1679,1681,1679–1681,Installation of the Teenaged Boy-King Sulikphaa,1679,1679,Puppet Monarchy,Garhgaon,23_Sulikphaa_Lora_Raja_The_Boy_King.png,v01,file:///home/angsuman/extra_spac/AHOM/images/23_Sulikphaa_Lora_Raja_The_Boy_King.png,Laluk Sola murders Atan Burhagohain and crowns 14-year-old Sulikphaa (Lora Raja) to govern through terror and usurp power.,"Sulikphaa Lora Raja, Laluk Sola Borphukan"
176,Sulikphaa,Siu-Lik-Pha,Lora Raja (Boy King),Charingia House,Period of Ministerial Intrigue & Terror (1672–1681),1679,1681,1679–1681,The Great Purge and Mutilation of Royal Princes,1679–1680,1679,State Terror / Purge,Kingdom-wide,24_Hunt_for_the_Ahom_Princes.png,v01,file:///home/angsuman/extra_spac/AHOM/images/24_Hunt_for_the_Ahom_Princes.png,"Laluk Sola and Sulikphaa unleash death squads across Assam to kill, blind, or slit the ears of all eligible Ahom princes to disqualify them from the throne.","Sulikphaa Lora Raja, Laluk Sola's assassins, Ahom princes"
177,Sulikphaa,Siu-Lik-Pha,Lora Raja (Boy King),Charingia House,Period of Ministerial Intrigue & Terror (1672–1681),1679,1681,1679–1681,Martyrdom of Princess Joymoti Konwari,1680,1680,Martyrdom / National Heroine,Jerenga Pathar,25_Joymoti_Refuses_to_Reveal_Gadapani_Hiding_Place.png,v01,file:///home/angsuman/extra_spac/AHOM/images/25_Joymoti_Refuses_to_Reveal_Gadapani_Hiding_Place.png,"Tied to thorn bushes on Jerenga Pathar and brutally tortured for 14 continuous days by Lora Raja's agents, Princess Joymoti breathes her last refusing to betray her husband Gadapani.","Princess Joymoti Konwari, Royal torturers, Prince Gadapani"
178,Gadadhar Singha,Supaatphaa,Gadadhar Singha,Tungkhungia Dynasty,Tungkhungia Restoration & Golden Age (1681–1769),1681,1696,1681–1696,Gadadhar Singha Takes the Throne and Marshals the Army,1681–1682,1681,Accession / Military Renaissance,Barkola / Guwahati,26_Gadadhar_Singha_Rebuilds_the_Ahom_Army.png,v01,file:///home/angsuman/extra_spac/AHOM/images/26_Gadadhar_Singha_Rebuilds_the_Ahom_Army.png,"Overthrowing Lora Raja, Gadadhar Singha mobilizes the kingdom's armed forces to permanently purge Assam of Mughal occupation.",King Gadadhar Singha
179,Gadadhar Singha,Supaatphaa,Gadadhar Singha,Tungkhungia Dynasty,Tungkhungia Restoration & Golden Age (1681–1769),1681,1696,1681–1696,Imperial Conference with Vaishnava Satradhikars,c. 1685,1685,State vs Church / Religious Policy,Garhgaon,27_Gadadhar_Singha_Meets_the_Satradhikars.png,v01,file:///home/angsuman/extra_spac/AHOM/images/27_Gadadhar_Singha_Meets_the_Satradhikars.png,"King Gadadhar Singha meets with powerful abbots (Satradhikars), asserting absolute royal authority over monastic wealth and exempt paiks.","King Gadadhar Singha, Major Satradhikars"
180,Gadadhar Singha,Supaatphaa,Gadadhar Singha,Tungkhungia Dynasty,Tungkhungia Restoration & Golden Age (1681–1769),1681,1696,1681–1696,Royal Visitation to the Satra Naamghar,c. 1688,1688,Religious Oversight,Upper Assam Satra,28_Gadadhar_Singha_and_Satradhikar_at_the_Naamghar.png,v01,file:///home/angsuman/extra_spac/AHOM/images/28_Gadadhar_Singha_and_Satradhikar_at_the_Naamghar.png,The austere Swargadeo visits a monastic prayer hall (Naamghar) to ensure monastic orders do not undermine state military recruitment.,"King Gadadhar Singha, Satradhikar, Vaishnava disciples"
181,Rudra Singha,Sukhrungphaa,Rudra Singha,Tungkhungia Dynasty,Tungkhungia Restoration & Golden Age (1681–1769),1696,1714,1696–1714,Coronation of Rudra Singha (Sukhrungphaa),1696,1696,Coronation / Golden Age,Garhgaon,29_Rudra_Singha_Takes_the_Throne_v01.png,v01,file:///home/angsuman/extra_spac/AHOM/images/29_Rudra_Singha_Takes_the_Throne_v01.png,"Son of Joymoti and Gadadhar Singha ascends the throne; initiates the zenith of Ahom political grandeur, architecture, and international diplomacy.",King Rudra Singha
182,Rudra Singha,Sukhrungphaa,Rudra Singha,Tungkhungia Dynasty,Tungkhungia Restoration & Golden Age (1681–1769),1696,1714,1696–1714,Coronation of Rudra Singha (Sukhrungphaa),1696,1696,Coronation / Golden Age,Garhgaon,29_Rudra_Singha_Takes_the_Throne_v02.png,v02,file:///home/angsuman/extra_spac/AHOM/images/29_Rudra_Singha_Takes_the_Throne_v02.png,"Son of Joymoti and Gadadhar Singha ascends the throne; initiates the zenith of Ahom political grandeur, architecture, and international diplomacy.",King Rudra Singha
183,Rudra Singha,Sukhrungphaa,Rudra Singha,Tungkhungia Dynasty,Tungkhungia Restoration & Golden Age (1681–1769),1696,1714,1696–1714,Founding and Construction of Capital City Rangpur and Joysagar,1698–1705,1698,Capital Foundation / Monumental Architecture,Rangpur,31_Rudra_Singha_Builds_Rangpur_v01.png,v01,file:///home/angsuman/extra_spac/AHOM/images/31_Rudra_Singha_Builds_Rangpur_v01.png,"Constructs the glorious capital Rangpur ('City of Joy'), excavates the massive Joysagar tank in memory of mother Joymoti, and builds Namdang stone bridge.","King Rudra Singha, Architect Ghanashyam"
184,Rudra Singha,Sukhrungphaa,Rudra Singha,Tungkhungia Dynasty,Tungkhungia Restoration & Golden Age (1681–1769),1696,1714,1696–1714,Founding and Construction of Capital City Rangpur and Joysagar,1698–1705,1698,Capital Foundation / Monumental Architecture,Rangpur,31_Rudra_Singha_Builds_Rangpur_v02.png,v02,file:///home/angsuman/extra_spac/AHOM/images/31_Rudra_Singha_Builds_Rangpur_v02.png,"Constructs the glorious capital Rangpur ('City of Joy'), excavates the massive Joysagar tank in memory of mother Joymoti, and builds Namdang stone bridge.","King Rudra Singha, Architect Ghanashyam"
185,Rudra Singha,Sukhrungphaa,Rudra Singha,Tungkhungia Dynasty,Tungkhungia Restoration & Golden Age (1681–1769),1696,1714,1696–1714,King Rudra Singha Inaugurates Royal Festivities at Rang Ghar,c. 1705,1705,Festivals / Royal Games,Rangpur,32_Rudra_Singha_at_Rang_Ghar_v01.png,v01,file:///home/angsuman/extra_spac/AHOM/images/32_Rudra_Singha_at_Rang_Ghar_v01.png,"Rudra Singha presides over Rongali Bihu festivities, buffalo fights, elephant encounters, and folk dances from the royal pavilion at Rang Ghar.","King Rudra Singha, Royal courtiers, Folk performers"
186,Rudra Singha,Sukhrungphaa,Rudra Singha,Tungkhungia Dynasty,Tungkhungia Restoration & Golden Age (1681–1769),1696,1714,1696–1714,King Rudra Singha Inaugurates Royal Festivities at Rang Ghar,c. 1705,1705,Festivals / Royal Games,Rangpur,32_Rudra_Singha_at_Rang_Ghar_v02.png,v02,file:///home/angsuman/extra_spac/AHOM/images/32_Rudra_Singha_at_Rang_Ghar_v02.png,"Rudra Singha presides over Rongali Bihu festivities, buffalo fights, elephant encounters, and folk dances from the royal pavilion at Rang Ghar.","King Rudra Singha, Royal courtiers, Folk performers"
187,Rudra Singha,Sukhrungphaa,Rudra Singha,Tungkhungia Dynasty,Tungkhungia Restoration & Golden Age (1681–1769),1696,1714,1696–1714,King Rudra Singha Inaugurates Royal Festivities at Rang Ghar,c. 1705,1705,Festivals / Royal Games,Rangpur,32_Rudra_Singha_at_Rang_Ghar_v03.png,v03,file:///home/angsuman/extra_spac/AHOM/images/32_Rudra_Singha_at_Rang_Ghar_v03.png,"Rudra Singha presides over Rongali Bihu festivities, buffalo fights, elephant encounters, and folk dances from the royal pavilion at Rang Ghar.","King Rudra Singha, Royal courtiers, Folk performers"
188,Rudra Singha,Sukhrungphaa,Rudra Singha,Tungkhungia Dynasty,Tungkhungia Restoration & Golden Age (1681–1769),1696,1714,1696–1714,Subjugation and Vassalage of the Kachari and Jaintia Rulers,1706–1707,1706,Imperial Vassalage,Rangpur,30_Rudra_Singha_Receives_Kachari_Representatives.png,v01,file:///home/angsuman/extra_spac/AHOM/images/30_Rudra_Singha_Receives_Kachari_Representatives.png,"Following victorious campaigns, Rudra Singha receives envoys and rulers of the Kacharis and Jaintias who submit tribute and acknowledge Ahom supremacy.","King Rudra Singha, Kachari King Tamradhwaj, Jaintia King Ram Singha"
189,Rudra Singha,Sukhrungphaa,Rudra Singha,Tungkhungia Dynasty,Tungkhungia Restoration & Golden Age (1681–1769),1696,1714,1696–1714,Grand Durbar and the Seven-Tiered Singhason at Rangpur,c. 1710,1710,Imperial Majesty / Durbar,Rangpur,33_Ahom_Royal_Court_and_Singhason_v01.png,v01,file:///home/angsuman/extra_spac/AHOM/images/33_Ahom_Royal_Court_and_Singhason_v01.png,"Rudra Singha presides from the legendary jewel-inlaid lion throne (Singhason) under a golden canopy, welcoming foreign envoys from all corners of India.","King Rudra Singha, Council of Ministers, Foreign ambassadors"
190,Rudra Singha,Sukhrungphaa,Rudra Singha,Tungkhungia Dynasty,Tungkhungia Restoration & Golden Age (1681–1769),1696,1714,1696–1714,Grand Durbar and the Seven-Tiered Singhason at Rangpur,c. 1710,1710,Imperial Majesty / Durbar,Rangpur,33_Ahom_Royal_Court_and_Singhason_v02.png,v02,file:///home/angsuman/extra_spac/AHOM/images/33_Ahom_Royal_Court_and_Singhason_v02.png,"Rudra Singha presides from the legendary jewel-inlaid lion throne (Singhason) under a golden canopy, welcoming foreign envoys from all corners of India.","King Rudra Singha, Council of Ministers, Foreign ambassadors"
191,Rudra Singha,Sukhrungphaa,Rudra Singha,Tungkhungia Dynasty,Tungkhungia Restoration & Golden Age (1681–1769),1696,1714,1696–1714,Grand Durbar and the Seven-Tiered Singhason at Rangpur,c. 1710,1710,Imperial Majesty / Durbar,Rangpur,33_Ahom_Royal_Court_and_Singhason_v03.png,v03,file:///home/angsuman/extra_spac/AHOM/images/33_Ahom_Royal_Court_and_Singhason_v03.png,"Rudra Singha presides from the legendary jewel-inlaid lion throne (Singhason) under a golden canopy, welcoming foreign envoys from all corners of India.","King Rudra Singha, Council of Ministers, Foreign ambassadors"
192,Siva Singha,Sutanphaa,Siva Singha,Tungkhungia Dynasty,Tungkhungia Restoration & Golden Age (1681–1769),1714,1744,1714–1744,Transfer of Royal Power to Queen Phuleswari (Bar Raja),1722,1722,Royal Delegation / Astrological Crisis,Rangpur,01_Siva_Singha_Transfers_Authority_to_Queen_Phuleswari.png,v01,file:///home/angsuman/extra_spac/AHOM/images/01_Siva_Singha_Transfers_Authority_to_Queen_Phuleswari.png,"Panicked by astrological predictions of Chhatra-bhanga (loss of kingship), Siva Singha transfers the sovereign umbrella, royal seal, and rule to his chief queen Phuleswari.","King Siva Singha, Queen Phuleswari (Bar Raja), Astrologers"
193,Siva Singha,Sutanphaa,Siva Singha,Tungkhungia Dynasty,Tungkhungia Restoration & Golden Age (1681–1769),1714,1744,1714–1744,Excavation of Gaurisagar Tank and Temples,c. 1725,1725,Monumental Architecture,Gaurisagar,04_Construction_of_Gaurisagar_Tank_and_Temples.png,v01,file:///home/angsuman/extra_spac/AHOM/images/04_Construction_of_Gaurisagar_Tank_and_Temples.png,"Queen Phuleswari excavates Gaurisagar tank and erects temples dedicated to Shiva, Vishnu, and Devi along its banks.","Queen Phuleswari, King Siva Singha"
194,Siva Singha,Sutanphaa,Siva Singha,Tungkhungia Dynasty,Tungkhungia Restoration & Golden Age (1681–1769),1714,1744,1714–1744,Queen Phuleswari's Persecution of Moamoria Vaishnavas,c. 1730,1730,Religious Oppression / Sectarian Conflict,Rangpur,02_Phuleswari_Durga_Puja_and_Religious_Tensions.png,v01,file:///home/angsuman/extra_spac/AHOM/images/02_Phuleswari_Durga_Puja_and_Religious_Tensions.png,"Queen Phuleswari aggressively enforces Shakta worship, compelling Moamoria Vaishnavite Mahantas to smear sacrificial animal blood on their foreheads, igniting decades of bitter hatred.","Queen Phuleswari, Moamoria Mahanta Chaturbhuj, Vaishnava disciples"
195,Siva Singha,Sutanphaa,Siva Singha,Tungkhungia Dynasty,Tungkhungia Restoration & Golden Age (1681–1769),1714,1744,1714–1744,Construction of Sivasagar Tank (Bor Pukhuri) and Shiva Dol,1734,1734,Monumental Architecture,Sivasagar,03_Construction_of_Sivasagar_Tank_and_Siva_Dol.png,v01,file:///home/angsuman/extra_spac/AHOM/images/03_Construction_of_Sivasagar_Tank_and_Siva_Dol.png,"Queen Ambika excavates the monumental 257-acre Sivasagar tank and erects the 104-foot-high Shiva Dol, one of India's tallest stone temple shikhara towers.","King Siva Singha, Queen Ambika, Temple master builders"
196,Siva Singha,Sutanphaa,Siva Singha,Tungkhungia Dynasty,Tungkhungia Restoration & Golden Age (1681–1769),1714,1744,1714–1744,The Great Cadastral Land Survey (Pek-Kakar),c. 1735–1740,1735,Cadastral Survey / Revenue,Rangpur / Kingdom-wide,05_Royal_Land_Survey_Pek_Kakar.png,v01,file:///home/angsuman/extra_spac/AHOM/images/05_Royal_Land_Survey_Pek_Kakar.png,Comprehensive statewide land measurement and census of households and cultivation acreage conducted across Assam.,"King Siva Singha, Revenue officers (Pek-Kakar surveyors)"
197,Pramatta Singha,Sunenphaa,Pramatta Singha,Tungkhungia Dynasty,Tungkhungia Restoration & Golden Age (1681–1769),1744,1751,1744–1751,Construction and Dedication of the Masonry Rang Ghar,1744,1744,Architectural Landmark,Rangpur,06_Rang_Ghar_Royal_Games.png,v01,file:///home/angsuman/extra_spac/AHOM/images/06_Rang_Ghar_Royal_Games.png,Pramatta Singha reconstructs Rang Ghar in permanent fired brick and egg-mortar as a magnificent two-storied oval sports colosseum.,"King Pramatta Singha, Master masons"
198,Pramatta Singha,Sunenphaa,Pramatta Singha,Tungkhungia Dynasty,Tungkhungia Restoration & Golden Age (1681–1769),1744,1751,1744–1751,Royal Buffalo Fights on Rupahi Pathar,c. 1746,1746,Sports & Pageantry,Rangpur (Rupahi Pathar),07_Buffalo_Fight_at_Rang_Ghar.png,v01,file:///home/angsuman/extra_spac/AHOM/images/07_Buffalo_Fight_at_Rang_Ghar.png,"The King and royal court watch thrilling buffalo fights, bird duels, and martial acrobatics held in the arena beneath the pavilion arches.","King Pramatta Singha, Courtiers, Sportsmen"
199,Pramatta Singha,Sunenphaa,Pramatta Singha,Tungkhungia Dynasty,Tungkhungia Restoration & Golden Age (1681–1769),1744,1751,1744–1751,Royal Court Assembly at the Rang Ghar Pavilion,c. 1748,1748,Royal Pageantry,Rangpur,08_Rang_Ghar_Royal_Gathering.png,v01,file:///home/angsuman/extra_spac/AHOM/images/08_Rang_Ghar_Royal_Gathering.png,"Aristocratic gathering of Gohains, royal ladies, and vassal chiefs on the terrace of Rang Ghar during spring festivities.","King Pramatta Singha, Royal aristocracy"
200,Rajeswar Singha,Suremphaa,Rajeswar Singha,Tungkhungia Dynasty,Tungkhungia Restoration & Golden Age (1681–1769),1751,1769,1751–1769,Expansion of the Grand Talatal Ghar Palace,1751–1765,1751,Palace Architecture / Defense,Rangpur,09_Expansion_of_Talatal_Ghar.png,v01,file:///home/angsuman/extra_spac/AHOM/images/09_Expansion_of_Talatal_Ghar.png,"Rajeswar Singha expands Talatal Ghar into a 7-storied architectural wonder (4 above ground, 3 underground) equipped with secret evacuation tunnels to Dikhou river.","King Rajeswar Singha, Master engineers"
201,Rajeswar Singha,Suremphaa,Rajeswar Singha,Tungkhungia Dynasty,Tungkhungia Restoration & Golden Age (1681–1769),1751,1769,1751–1769,Lata-Katai Ran: The Mountain Expedition to Manipur,1765–1768,1765,International Expedition,Manipur Frontier,10_Lata_Katai_Ran_Expedition_to_Manipur.png,v01,file:///home/angsuman/extra_spac/AHOM/images/10_Lata_Katai_Ran_Expedition_to_Manipur.png,"Rajeswar Singha dispatches an army across trackless, creepers-choked mountain jungles ('Lata-Katai Ran') to liberate Manipur from Burmese occupation and reinstate Meitei King Jai Singh.","King Rajeswar Singha, Haranath Senapati Phukan, Manipur King Jai Singh"
202,Rajeswar Singha,Suremphaa,Rajeswar Singha,Tungkhungia Dynasty,Tungkhungia Restoration & Golden Age (1681–1769),1751,1769,1751–1769,Royal Wedding of Rajeswar Singha and Princess Kuranganayani,1768,1768,Royal Wedding / Alliance,Rangpur,11_Rajeswar_Singha_and_Kuranganayani_Marriage_Alliance.png,v01,file:///home/angsuman/extra_spac/AHOM/images/11_Rajeswar_Singha_and_Kuranganayani_Marriage_Alliance.png,"In gratitude, King Jai Singh gives his heroic daughter Princess Kuranganayani in marriage to Rajeswar Singha, cementing eternal Ahom-Manipuri ties.","King Rajeswar Singha, Princess Kuranganayani, King Jai Singh"
203,Lakshmi Singha,Sunyeophaa,Lakshmi Singha,Tungkhungia Dynasty,Moamoria Rebellions & Decline (1769–1817),1769,1780,1769–1780,Outbreak of the First Moamoria Rebellion,1769,1769,Civil War / Revolution,Rangpur,12_First_Moamoria_Rebellion.png,v01,file:///home/angsuman/extra_spac/AHOM/images/12_First_Moamoria_Rebellion.png,"Enraged by insults to their Guru, peasant masses and Moran disciples of the Moamoria Satra revolt, routing royal forces and capturing the capital Rangpur.","Rebel Chief Ragha Moran, Naharkhora, King Lakshmi Singha"
204,Lakshmi Singha,Sunyeophaa,Lakshmi Singha,Tungkhungia Dynasty,Moamoria Rebellions & Decline (1769–1817),1769,1780,1769–1780,Captivity and Imprisonment of King Lakshmi Singha,November 1769,1769,Deposition / Rebellion,Rangpur (Jaysagar Temple),13_Deposition_and_Imprisonment_of_Lakshmi_Singha.png,v01,file:///home/angsuman/extra_spac/AHOM/images/13_Deposition_and_Imprisonment_of_Lakshmi_Singha.png,"Rebels capture Swargadeo Lakshmi Singha, imprison him at the Joysagar temple, and declare Ramakanta as ruler and Ragha Moran as Barbarua.","King Lakshmi Singha, Ragha Moran, Ramakanta"
205,Lakshmi Singha,Sunyeophaa,Lakshmi Singha,Tungkhungia Dynasty,Moamoria Rebellions & Decline (1769–1817),1769,1780,1769–1780,Queen Kuranganayani's Daring Counter-Coup,April 1770 (Bihu Eve),1770,Heroic Counter-Coup,Rangpur,14_Kuranganayani_Counter_Coup_Against_Ragha_Moran.png,v01,file:///home/angsuman/extra_spac/AHOM/images/14_Kuranganayani_Counter_Coup_Against_Ragha_Moran.png,"During Rongali Bihu, Queen Kuranganayani bravely strikes down the usurper Ragha Moran with a sword blow from behind; loyalist nobles storm the palace and liberate King Lakshmi Singha.","Queen Kuranganayani, Ragha Moran, King Lakshmi Singha"
206,Lakshmi Singha,Sunyeophaa,Lakshmi Singha,Tungkhungia Dynasty,Moamoria Rebellions & Decline (1769–1817),1769,1780,1769–1780,Royal Retribution and Repression of Moamoria Rebels,1770–1772,1770,Retribution / State Terror,Upper Assam,15_Royal_Repression_After_the_Moamoria_Rebellion.png,v01,file:///home/angsuman/extra_spac/AHOM/images/15_Royal_Repression_After_the_Moamoria_Rebellion.png,"Restored royal government executes thousands of Moamoria adherents and leaders, cementing irreversible societal rifts.","King Lakshmi Singha, Royal executioners, Moamoria prisoners"
207,Gaurinath Singha,Suhitpangphaa,Gaurinath Singha,Tungkhungia Dynasty,Moamoria Rebellions & Decline (1769–1817),1780,1795,1780–1795,Second Moamoria Rebellion: Fall and Burning of Rangpur,1786–1788,1786,Civil War / Fall of Capital,Rangpur,16_Moamoria_Rebels_Capture_Rangpur_v01.png,v01,file:///home/angsuman/extra_spac/AHOM/images/16_Moamoria_Rebels_Capture_Rangpur_v01.png,"Rebels rise again with devastating ferocity, routing royal armies, storming and burning royal buildings of Rangpur.","King Gaurinath Singha, Purnananda Burhagohain, Moamoria leaders"
208,Gaurinath Singha,Suhitpangphaa,Gaurinath Singha,Tungkhungia Dynasty,Moamoria Rebellions & Decline (1769–1817),1780,1795,1780–1795,Second Moamoria Rebellion: Fall and Burning of Rangpur,1786–1788,1786,Civil War / Fall of Capital,Rangpur,16_Moamoria_Rebels_Capture_Rangpur_v02.png,v02,file:///home/angsuman/extra_spac/AHOM/images/16_Moamoria_Rebels_Capture_Rangpur_v02.png,"Rebels rise again with devastating ferocity, routing royal armies, storming and burning royal buildings of Rangpur.","King Gaurinath Singha, Purnananda Burhagohain, Moamoria leaders"
209,Gaurinath Singha,Suhitpangphaa,Gaurinath Singha,Tungkhungia Dynasty,Moamoria Rebellions & Decline (1769–1817),1780,1795,1780–1795,Flight of King Gaurinath Singha Down the Brahmaputra,1788,1788,Royal Flight / Exile,Guwahati,17_Gaurinath_Singha_Flees_to_Guwahati.png,v01,file:///home/angsuman/extra_spac/AHOM/images/17_Gaurinath_Singha_Flees_to_Guwahati.png,Swargadeo Gaurinath flees in despair from burning Upper Assam on royal barges to take refuge in Guwahati.,"King Gaurinath Singha, Escorting courtiers"
210,Gaurinath Singha,Suhitpangphaa,Gaurinath Singha,Tungkhungia Dynasty,Moamoria Rebellions & Decline (1769–1817),1780,1795,1780–1795,British Military Intervention: Captain Thomas Welsh Expedition,1792–1794,1792,Foreign Intervention,Rangpur / Guwahati,18_Captain_Thomas_Welsh_Expedition.png,v01,file:///home/angsuman/extra_spac/AHOM/images/18_Captain_Thomas_Welsh_Expedition.png,"Responding to Gaurinath's appeal, British East India Company sends 6 companies of sepoys under Captain Thomas Welsh who defeat rebels and re-enter Rangpur.","Captain Thomas Welsh, King Gaurinath Singha, Lord Cornwallis"
211,Gaurinath Singha,Suhitpangphaa,Gaurinath Singha,Tungkhungia Dynasty,Moamoria Rebellions & Decline (1769–1817),1780,1795,1780–1795,The Ahom-British Commercial Treaty of 1793,February 1793,1793,Commercial Treaty,Guwahati,19_Ahom_British_Commercial_Treaty_v01.png,v01,file:///home/angsuman/extra_spac/AHOM/images/19_Ahom_British_Commercial_Treaty_v01.png,"First formal commercial agreement signed between Ahom monarchy and the British East India Company, regulating customs and trade between Bengal and Assam.","King Gaurinath Singha, Captain Thomas Welsh"
212,Gaurinath Singha,Suhitpangphaa,Gaurinath Singha,Tungkhungia Dynasty,Moamoria Rebellions & Decline (1769–1817),1780,1795,1780–1795,The Ahom-British Commercial Treaty of 1793,February 1793,1793,Commercial Treaty,Guwahati,19_Ahom_British_Commercial_Treaty_v02.png,v02,file:///home/angsuman/extra_spac/AHOM/images/19_Ahom_British_Commercial_Treaty_v02.png,"First formal commercial agreement signed between Ahom monarchy and the British East India Company, regulating customs and trade between Bengal and Assam.","King Gaurinath Singha, Captain Thomas Welsh"
213,Kamaleswar Singha,Suklingphaa,Kamaleswar Singha,Tungkhungia Dynasty,Moamoria Rebellions & Decline (1769–1817),1795,1811,1795–1811,The Autocratic Regency of Premier Purnananda Burhagohain,1795–1811,1795,Regency / Military Modernization,Jorhat,20_Regency_of_Purnananda_Burhagohain.png,v01,file:///home/angsuman/extra_spac/AHOM/images/20_Regency_of_Purnananda_Burhagohain.png,"Purnananda Burhagohain exercises de facto sovereign rule, establishing Jorhat as new capital, drilling troops with modern British flintlocks, and suppressing insurrections.","Purnananda Burhagohain, King Kamaleswar Singha"
214,Chandrakanta Singha (1st Reign),Sudinphaa,Chandrakanta Singha,Tungkhungia Dynasty,Burmese Invasions & Fall of Kingdom (1817–1826),1811,1818,1811–1818,Deadly Court Factionalism Between Burhagohain and Borphukan,1814–1816,1814,Court Factionalism / Treason Plot,Jorhat,21_Chandrakanta_Singha_Court_Factionalism.png,v01,file:///home/angsuman/extra_spac/AHOM/images/21_Chandrakanta_Singha_Court_Factionalism.png,Young Chandrakanta Singha sides with favorite Satram against the elderly Purnananda; Badan Chandra Borphukan conspires against the premier.,"King Chandrakanta Singha, Purnananda Burhagohain, Badan Chandra Borphukan"
215,Chandrakanta Singha (1st Reign),Sudinphaa,Chandrakanta Singha,Tungkhungia Dynasty,Burmese Invasions & Fall of Kingdom (1817–1826),1811,1818,1811–1818,The First Burmese Invasion (Manor Din Begins),March 1817,1817,Invasion / Catastrophe,Ghila Dhari / Jorhat,22_First_Burmese_Invasion_v01.png,v01,file:///home/angsuman/extra_spac/AHOM/images/22_First_Burmese_Invasion_v01.png,"Badan Chandra brings a Burmese army of 16,000 soldiers across the Patkai; Purnananda dies of heartbreak; Burmese defeat Ahom troops at Ghiladhari and march on Jorhat.","Badan Chandra Borphukan, Burmese General, Purnananda Burhagohain"
216,Chandrakanta Singha (1st Reign),Sudinphaa,Chandrakanta Singha,Tungkhungia Dynasty,Burmese Invasions & Fall of Kingdom (1817–1826),1811,1818,1811–1818,The First Burmese Invasion (Manor Din Begins),March 1817,1817,Invasion / Catastrophe,Ghila Dhari / Jorhat,22_First_Burmese_Invasion_v02.png,v02,file:///home/angsuman/extra_spac/AHOM/images/22_First_Burmese_Invasion_v02.png,"Badan Chandra brings a Burmese army of 16,000 soldiers across the Patkai; Purnananda dies of heartbreak; Burmese defeat Ahom troops at Ghiladhari and march on Jorhat.","Badan Chandra Borphukan, Burmese General, Purnananda Burhagohain"
217,Chandrakanta Singha (1st Reign),Sudinphaa,Chandrakanta Singha,Tungkhungia Dynasty,Burmese Invasions & Fall of Kingdom (1817–1826),1811,1818,1811–1818,The First Burmese Invasion (Manor Din Begins),March 1817,1817,Invasion / Catastrophe,Ghila Dhari / Jorhat,22_First_Burmese_Invasion_v03.png,v03,file:///home/angsuman/extra_spac/AHOM/images/22_First_Burmese_Invasion_v03.png,"Badan Chandra brings a Burmese army of 16,000 soldiers across the Patkai; Purnananda dies of heartbreak; Burmese defeat Ahom troops at Ghiladhari and march on Jorhat.","Badan Chandra Borphukan, Burmese General, Purnananda Burhagohain"
218,Chandrakanta Singha (1st Reign),Sudinphaa,Chandrakanta Singha,Tungkhungia Dynasty,Burmese Invasions & Fall of Kingdom (1817–1826),1811,1818,1811–1818,Assassination of Traitor Badan Chandra Borphukan,August 1817,1817,Assassination / Retribution,Jorhat,23_Assassination_of_Badan_Chandra_Borphukan.png,v01,file:///home/angsuman/extra_spac/AHOM/images/23_Assassination_of_Badan_Chandra_Borphukan.png,"Subedar Rup Singh strikes down Badan Chandra Borphukan with a dao while bathing in Jorhat, executing retribution for bringing Burmese invaders.","Badan Chandra Borphukan, Subedar Rup Singh, Queen Mother Numali"
219,Purandar Singha (1st Reign),Purandar Singha,Purandar Singha,Tungkhungia Dynasty,Burmese Invasions & Fall of Kingdom (1817–1826),1818,1819,1818–1819,Deposition of Chandrakanta and Accession of Purandar Singha,February 1818,1818,Coup d'État / Mutilation,Jorhat,24_Ruchinath_Burhagohain_Installs_Purandar_Singha.png,v01,file:///home/angsuman/extra_spac/AHOM/images/24_Ruchinath_Burhagohain_Installs_Purandar_Singha.png,"Ruchinath Burhagohain captures Jorhat, slits Chandrakanta's right ear to permanently disqualify him from kingship, and crowns Purandar Singha.","Ruchinath Burhagohain, Purandar Singha, Chandrakanta Singha"
220,Purandar Singha (1st Reign),Purandar Singha,Purandar Singha,Tungkhungia Dynasty,Burmese Invasions & Fall of Kingdom (1817–1826),1818,1819,1818–1819,Second Burmese Invasion and Flight of Purandar Singha,February 1819,1819,Invasion / Fall of Government,Jorhat / Bengal,25_Second_Burmese_Invasion_and_Purandar_Flight.png,v01,file:///home/angsuman/extra_spac/AHOM/images/25_Second_Burmese_Invasion_and_Purandar_Flight.png,Burmese monarch sends large army under Ala Mingi; Purandar and Ruchinath are routed at Nazira and flee into British Bengal territory.,"King Purandar Singha, Ruchinath Burhagohain, Burmese General Ala Mingi"
221,Chandrakanta Singha (2nd Reign),Sudinphaa,Chandrakanta Singha,Tungkhungia Dynasty,Burmese Invasions & Fall of Kingdom (1817–1826),1819,1821,1819–1821,Restoration of Chandrakanta Singha as Burmese Puppet,1819,1819,Puppet Restoration,Jorhat,26_Chandrakanta_Singha_Restored_Under_Burmese_Control.png,v01,file:///home/angsuman/extra_spac/AHOM/images/26_Chandrakanta_Singha_Restored_Under_Burmese_Control.png,"Burmese restore ear-mutilated Chandrakanta to the throne, but Burmese generals retain real power.","King Chandrakanta Singha, Burmese governors"
222,Chandrakanta Singha (2nd Reign),Sudinphaa,Chandrakanta Singha,Tungkhungia Dynasty,Burmese Invasions & Fall of Kingdom (1817–1826),1819,1821,1819–1821,Chandrakanta's Resistance and Flight from Burmese Reign of Terror,1821,1821,Rupture with Invaders / Flight,Guwahati / Goalpara,27_Chandrakanta_Singha_Flees_to_British_Territory.png,v01,file:///home/angsuman/extra_spac/AHOM/images/27_Chandrakanta_Singha_Flees_to_British_Territory.png,"When Burmese attempt to murder him, Chandrakanta flees to British frontier and organizes armed resistance against Burmese pillagers.","King Chandrakanta Singha, Burmese commanders"
223,Jogeswar Singha,Jogeswar Singha,Jogeswar Singha,Tungkhungia Dynasty (Burmese Puppet),Burmese Invasions & Fall of Kingdom (1817–1826),1821,1824,1821–1824,Burmese Atrocities (Manor Din) Under Puppet Jogeswar Singha,1821–1824,1821,National Catastrophe / Reign of Terror,Jorhat,28_Jogeswar_Singha_Under_Burmese_Control.png,v01,file:///home/angsuman/extra_spac/AHOM/images/28_Jogeswar_Singha_Under_Burmese_Control.png,"Burmese install powerless puppet Jogeswar Singha while massacring tens of thousands of Assamese civilians, depopulating entire districts.","Jogeswar Singha, Burmese General Maha Bandula, Burmese commanders"
224,Jogeswar Singha,Jogeswar Singha,Swargadeo (Titular Monarch / End of Sovereignty),Tungkhungia Dynasty (Burmese Puppet),Burmese Invasions & Fall of Kingdom (1817–1826),1821,1826,1821–1826,Outbreak of the First Anglo-Burmese War in Assam,1824–1826,1824,Colonial Warfare,Guwahati / Yandabo,29_First_Anglo_Burmese_War_and_Treaty_of_Yandabo_Montage.png,v01,file:///home/angsuman/extra_spac/AHOM/images/29_First_Anglo_Burmese_War_and_Treaty_of_Yandabo_Montage.png,"British East India Company declares war on Burma; British regiments and gunboats advance up the Brahmaputra, expelling Burmese forces.","General Archibald Campbell, David Scott, Burmese commanders"
225,Jogeswar Singha,Jogeswar Singha,Swargadeo (Titular Monarch / End of Sovereignty),Tungkhungia Dynasty (Burmese Puppet),Burmese Invasions & Fall of Kingdom (1817–1826),1821,1826,1821–1826,Expulsion of the Burmese from Upper Assam,1824–1825,1824,Warfare / Liberation from Burmese,Rangpur / Jorhat,30_First_Anglo_Burmese_War_v01.png,v01,file:///home/angsuman/extra_spac/AHOM/images/30_First_Anglo_Burmese_War_v01.png,Colonel Richards defeats and forces surrender of the Burmese garrison at Rangpur stockade in January 1825.,"Colonel Alfred Richards, Burmese commanders"
226,Jogeswar Singha,Jogeswar Singha,Swargadeo (Titular Monarch / End of Sovereignty),Tungkhungia Dynasty (Burmese Puppet),Burmese Invasions & Fall of Kingdom (1817–1826),1821,1826,1821–1826,Expulsion of the Burmese from Upper Assam,1824–1825,1824,Warfare / Liberation from Burmese,Rangpur / Jorhat,30_First_Anglo_Burmese_War_v02.png,v02,file:///home/angsuman/extra_spac/AHOM/images/30_First_Anglo_Burmese_War_v02.png,Colonel Richards defeats and forces surrender of the Burmese garrison at Rangpur stockade in January 1825.,"Colonel Alfred Richards, Burmese commanders"
227,Jogeswar Singha,Jogeswar Singha,Swargadeo (Titular Monarch / End of Sovereignty),Tungkhungia Dynasty (Burmese Puppet),Burmese Invasions & Fall of Kingdom (1817–1826),1821,1826,1821–1826,Signing of the Historic Treaty of Yandabo,24 February 1826,1826,Historic Treaty / End of Sovereignty,"Yandabo, Burma",31_Treaty_of_Yandabo_v01.png,v01,file:///home/angsuman/extra_spac/AHOM/images/31_Treaty_of_Yandabo_v01.png,"The King of Ava formally cedes all claims to Assam to the British East India Company, terminating 598 years of independent Ahom rule.","General Archibald Campbell, Senior Burmese Ministers"
228,Jogeswar Singha,Jogeswar Singha,Swargadeo (Titular Monarch / End of Sovereignty),Tungkhungia Dynasty (Burmese Puppet),Burmese Invasions & Fall of Kingdom (1817–1826),1821,1826,1821–1826,Signing of the Historic Treaty of Yandabo,24 February 1826,1826,Historic Treaty / End of Sovereignty,"Yandabo, Burma",31_Treaty_of_Yandabo_v02.png,v02,file:///home/angsuman/extra_spac/AHOM/images/31_Treaty_of_Yandabo_v02.png,"The King of Ava formally cedes all claims to Assam to the British East India Company, terminating 598 years of independent Ahom rule.","General Archibald Campbell, Senior Burmese Ministers"
229,Purandar Singha (2nd Reign),Purandar Singha,Tributary Raja of Upper Assam,Tungkhungia Dynasty (British Tributary),British Annexation & End of Monarchy (1833–1838),1833,1838,1833–1838,Restoration of Purandar Singha as Protected Tributary Ruler,April 1833,1833,Tributary Restoration,Jorhat,32_Purandar_Singha_Restored_as_Tributary_Ruler.png,v01,file:///home/angsuman/extra_spac/AHOM/images/32_Purandar_Singha_Restored_as_Tributary_Ruler.png,"British East India Company reinstates Purandar Singha over Upper Assam conditioned on paying an impossible annual tribute of 50,000 Company rupees.","Raja Purandar Singha, British Commissioner Robertson"
230,Purandar Singha (2nd Reign),Purandar Singha,Tributary Raja of Upper Assam,Tungkhungia Dynasty (British Tributary),British Annexation & End of Monarchy (1833–1838),1833,1838,1833–1838,Crushing Tax Demands on War-Devastated Population,1834–1837,1834,Economic Ruin,Jorhat,33_Tax_Burden_Under_the_Restored_Kingdom_v01.png,v01,file:///home/angsuman/extra_spac/AHOM/images/33_Tax_Burden_Under_the_Restored_Kingdom_v01.png,Purandar struggles desperately to collect taxes from a depopulated and ruined citizenry to satisfy the exorbitant British tribute demand.,"Raja Purandar Singha, Tax collectors, Impoverished ryots"
231,Purandar Singha (2nd Reign),Purandar Singha,Tributary Raja of Upper Assam,Tungkhungia Dynasty (British Tributary),British Annexation & End of Monarchy (1833–1838),1833,1838,1833–1838,Crushing Tax Demands on War-Devastated Population,1834–1837,1834,Economic Ruin,Jorhat,33_Tax_Burden_Under_the_Restored_Kingdom_v02.png,v02,file:///home/angsuman/extra_spac/AHOM/images/33_Tax_Burden_Under_the_Restored_Kingdom_v02.png,Purandar struggles desperately to collect taxes from a depopulated and ruined citizenry to satisfy the exorbitant British tribute demand.,"Raja Purandar Singha, Tax collectors, Impoverished ryots"
232,Purandar Singha (2nd Reign),Purandar Singha,Tributary Raja of Upper Assam,Tungkhungia Dynasty (British Tributary),British Annexation & End of Monarchy (1833–1838),1833,1838,1833–1838,Crushing Tax Demands on War-Devastated Population,1834–1837,1834,Economic Ruin,Jorhat,33_Tax_Burden_Under_the_Restored_Kingdom_v03.png,v03,file:///home/angsuman/extra_spac/AHOM/images/33_Tax_Burden_Under_the_Restored_Kingdom_v03.png,Purandar struggles desperately to collect taxes from a depopulated and ruined citizenry to satisfy the exorbitant British tribute demand.,"Raja Purandar Singha, Tax collectors, Impoverished ryots"
233,Purandar Singha (2nd Reign),Purandar Singha,Final Ahom Monarch,Tungkhungia Dynasty (British Tributary),British Annexation & End of Monarchy (1833–1838),1833,1838,1833–1838,Final British Annexation of Assam and Deposition of Purandar Singha,October 1838,1838,Colonial Annexation / Dynasty Demise,Jorhat,34_British_Annexation_and_Deposition_of_Purandar_Singha.png,v01,file:///home/angsuman/extra_spac/AHOM/images/34_British_Annexation_and_Deposition_of_Purandar_Singha.png,"Accusing him of default and misgovernment, the British formally depose Purandar Singha, annexing Upper Assam into the British Empire and ending the Ahom dynasty forever.","Raja Purandar Singha, Captain Jenkins (Agent to Governor General)"
